player_id,uniform_number,name,team,position,birth_day,height,weight,school,player_id,평균자책점,경기,완투,완봉,승리,패배,세이브,홀드,승률,타자수,투구수,이닝,피안타,2루타,3루타,홈런,희생번트,희생플라이,볼넷,고의4구,삼진,폭투,보크,실점,자책점,블론세이브,이닝당 출루허용률,피안타율,퀄리티스타트
50030,30.0,소형준,KT,투수,2001-09-16,189,92,호암초(의정부리틀)-구리인창중-유신고,50030,3.3,26,0,0,10,7,1,0,0.588,617,2209,147.33333333333334,155,24,3,6,6,1,29,1,123,4,0,60,54,0,1.25,0.268,18
50036,11.0,이강준,키움,투수,2001-12-14,180,80,서당초-설악중-설악고-KT-롯데-키움-상무,50036,6.57,29,0,0,0,3,0,2,0.0,119,492,24.666666666666668,29,5,0,3,2,0,17,0,26,2,0,22,18,0,1.86,0.296,0
50106,54.0,유영찬,LG,투수,1997-03-07,185,90,덕성초(안산리틀)-배명중-배명고-건국대,50106,2.63,39,0,0,2,2,21,1,0.5,177,672,41.0,31,7,0,2,1,1,23,3,52,3,0,14,12,1,1.32,0.208,0
50206,40.0,최종인,두산,투수,2001-05-01,185,84,해강초-센텀중-부산고,50206,5.4,3,0,0,0,0,0,0,0.0,9,46,1.6666666666666667,1,0,0,0,0,0,3,0,5,2,0,1,1,0,2.4,0.167,0
50211,93.0,제환유,두산,투수,2000-09-30,183,76,둔산초-공주중-공주고,50211,4.96,6,0,0,0,1,0,0,0.0,78,304,16.333333333333332,17,1,0,2,1,1,12,1,8,0,0,10,9,0,1.78,0.27,0
50430,65.0,홍원표,삼성,투수,2001-03-27,183,86,신도초-부천중-부천고,50430,4.5,2,0,0,0,1,0,0,0.0,12,40,2.0,3,0,0,0,1,1,2,1,1,0,0,1,1,0,2.5,0.429,0
50441,61.0,황동재,삼성,투수,2001-11-03,191,97,율하초-경운중-경북고,50441,6.97,15,0,0,0,1,0,0,0.0,104,403,20.666666666666668,27,2,0,1,0,1,14,0,22,3,0,16,16,0,1.98,0.31,0
50464,28.0,이승민,삼성,투수,2000-08-26,174,79,본리초-경상중-대구고-삼성-상무,50464,3.78,62,0,0,3,2,0,8,0.6,280,1068,64.33333333333333,61,15,2,5,5,1,26,2,53,1,0,37,27,0,1.35,0.249,0
50556,56.0,최준용,롯데,투수,2001-10-10,185,85,부산수영초-대천중-경남고,50556,5.3,49,0,0,4,4,1,17,0.5,234,910,54.333333333333336,50,9,1,5,4,2,16,0,62,3,0,35,32,4,1.21,0.243,0
50596,38.0,홍민기,롯데,투수,2001-07-20,185,85,법동초-한밭중-대전고,50596,3.09,25,0,0,0,2,0,3,0.0,129,510,32.0,24,5,1,0,0,2,11,0,39,1,0,13,11,0,1.09,0.211,0
50604,4.0,유지성,KIA,투수,2000-11-15,189,94,수유초-자양중-북일고,50604,0.0,1,0,0,0,0,0,0,0.0,3,10,1.0,0,0,0,0,0,0,0,0,0,0,0,0,0,0,0.0,0.0,0
50641,38.0,장재혁,KIA,투수,2001-08-02,180,86,부산금강초-대신중-경남고,50641,6.0,3,0,0,0,0,0,0,0.0,13,63,3.0,3,0,0,1,0,0,3,0,2,0,0,2,2,0,2.0,0.3,0
50650,92.0,최용준,KT,투수,2001-12-19,192,105,양산신양초(양산구리틀)-경남중-부산공고-KIA,50650,2.0,7,0,0,1,0,0,0,1.0,39,128,9.0,13,1,0,0,0,0,2,1,5,0,0,2,2,0,1.67,0.351,0
50662,62.0,정해영,KIA,투수,2001-08-23,189,98,광주대성초-광주동성중-광주제일고,50662,3.79,60,0,0,3,7,27,0,0.3,275,1117,61.666666666666664,75,13,0,4,1,2,18,1,72,1,0,30,26,7,1.51,0.299,0
50705,39.0,강재민,한화,투수,1997-04-03,180,89,양덕초-마산중-용마고-단국대,50705,9.0,4,0,0,0,0,0,0,0.0,20,92,4.0,6,1,0,1,0,1,2,0,5,0,0,4,4,0,2.0,0.375,0
50711,14.0,김승일,한화,투수,2001-07-07,183,85,해강초(해운대리틀)-센텀중-경남고,50711,23.63,5,0,0,0,0,0,0,0.0,17,68,2.6666666666666665,3,0,0,1,0,0,3,0,3,1,0,7,7,0,2.25,0.273,0
50812,57.0,박시후,SSG,투수,2001-05-10,182,88,상인천초-상인천중-인천고-SK,50812,3.27,52,0,0,6,2,0,3,0.75,231,930,52.333333333333336,45,3,0,5,3,1,29,1,34,0,1,24,19,0,1.41,0.233,0
50848,56.0,김성민,SSG,투수,2001-04-30,184,88,서울학동초-자양중-경기고-SK,50848,0.0,2,0,0,1,0,0,0,1.0,4,22,0.6666666666666666,0,0,0,0,0,0,2,0,0,1,0,0,0,0,3.0,0.0,0
50859,47.0,오원석,KT,투수,2001-04-23,182,80,수진초-매송중-야탑고-SK-SSG,50859,3.67,25,0,0,11,8,0,0,0.579,565,2187,132.33333333333334,130,25,1,10,7,4,52,1,113,5,0,60,54,0,1.38,0.261,12
50904,40.0,이종준,LG,투수,2001-03-09,191,93,군산중앙초-군산남중-군산상고,50904,0.0,2,0,0,0,0,0,0,0.0,6,33,1.6666666666666667,0,0,0,0,0,0,1,0,2,0,0,0,0,0,0.6,0.0,0
50992,11.0,김태경,NC,투수,2001-04-07,188,95,김해삼성초-내동중-용마고-NC-상무,50992,10.64,6,0,0,0,0,0,1,0.0,62,266,11.0,18,3,0,4,2,0,9,1,10,1,0,20,13,0,2.45,0.367,0
51058,59.0,한차현,KT,투수,1998-11-30,180,80,사능초(남양주리틀)-청원중-포항제철고-성균관대,51058,16.2,2,0,0,0,0,0,0,0.0,11,40,1.6666666666666667,4,0,0,0,0,0,2,0,1,1,0,3,3,0,3.6,0.444,0
51111,13.0,송승기,LG,투수,2002-04-10,181,90,삼일초-매향중-야탑고-LG-상무,51111,3.5,28,0,0,11,6,0,0,0.647,629,2523,144.0,149,25,1,15,5,4,49,0,125,2,0,61,56,0,1.38,0.261,10
51154,45.0,김진수,LG,투수,1998-08-31,179,82,이세초-군산중-군산상고-중앙대,51154,9.0,4,0,0,0,0,0,0,0.0,27,104,5.0,11,3,0,2,0,0,1,0,6,0,0,5,5,0,2.4,0.423,0
51264,28.0,최승용,두산,투수,2001-05-11,190,87,양오초-모가중-소래고,51264,4.41,23,0,0,5,7,0,0,0.417,507,1958,116.33333333333333,121,20,4,8,5,3,36,0,71,4,0,60,57,0,1.35,0.265,9
51454,57.0,이승현,삼성,투수,2002-05-19,183,102,남도초-경복중-대구상원고,51454,5.42,25,0,0,4,9,0,0,0.308,471,1840,101.33333333333333,121,23,2,10,7,3,46,0,74,2,0,64,61,0,1.65,0.298,2
51460,59.0,이재희,삼성,투수,2001-10-11,187,100,대전신흥초-한밭중-대전고-삼성-상무,51460,3.0,11,0,0,0,2,0,4,0.0,39,157,9.0,7,1,1,0,0,0,5,0,9,0,0,3,3,0,1.33,0.206,0
51516,15.0,김진욱,롯데,투수,2002-07-05,185,90,수원신곡초-춘천중-강릉고,51516,10.0,14,0,0,1,3,0,0,0.25,136,544,27.0,42,6,0,10,2,1,16,0,24,0,0,32,30,2,2.15,0.365,1
51526,20.0,우강훈,LG,투수,2002-10-03,183,88,희망대초-매송중-야탑고-롯데,51526,4.66,11,0,0,0,0,0,0,0.0,46,180,9.666666666666666,12,2,0,0,0,1,6,0,5,0,0,5,5,0,1.86,0.324,0
51546,46.0,정우준,롯데,투수,2000-03-17,180,82,태랑초(남양주리틀)-청원중-서울고-강릉영동대-롯데-상무,51546,5.4,3,0,0,0,0,0,0,0.0,16,58,3.3333333333333335,6,3,0,0,0,0,0,0,3,0,0,2,2,0,1.8,0.4,0
51594,59.0,송재영,롯데,투수,2002-06-20,181,84,수원잠원초(수원영통구리틀)-매향중-라온고-롯데-상무,51594,4.0,46,0,0,1,0,0,3,1.0,121,491,27.0,19,4,0,3,1,2,24,0,28,2,0,13,12,0,1.59,0.202,0
51648,48.0,이의리,KIA,투수,2002-06-16,185,90,광주수창초-충장중-광주제일고,51648,7.94,10,0,0,1,4,0,0,0.2,193,784,39.666666666666664,41,9,3,6,3,2,31,0,42,1,0,37,35,0,1.82,0.266,2
51715,15.0,김기중,한화,투수,2002-11-16,186,96,의왕부곡초-매송중-유신고,51715,3.07,5,0,0,0,1,0,0,0.0,66,259,14.666666666666666,16,2,1,0,0,1,6,0,8,1,0,5,5,0,1.5,0.276,0
51867,39.0,김건우,SSG,투수,2002-07-12,185,88,가현초(인천서구리틀)-동산중-제물포고-SK-SSG-상무,51867,3.82,35,0,0,5,4,0,2,0.556,301,1241,66.0,53,14,0,2,2,2,49,1,68,4,0,31,28,0,1.55,0.22,0
51897,19.0,조병현,SSG,투수,2002-05-08,182,90,온양온천초-온양중-세광고-SK-SSG-상무,51897,1.6,69,0,0,5,4,30,0,0.556,255,1088,67.33333333333333,42,7,0,5,1,1,18,2,79,1,0,13,12,2,0.89,0.179,0
51994,25.0,한재승,KIA,투수,2001-11-21,180,90,동막초-상인천중-인천고-NC,51994,6.48,36,0,0,1,1,1,1,0.5,161,685,33.333333333333336,40,4,0,5,1,2,31,0,35,4,0,29,24,0,2.13,0.317,0
52060,60.0,박영현,KT,투수,2003-10-11,183,91,부천북초-부천중-유신고,52060,3.39,67,0,0,5,6,35,1,0.455,305,1228,69.0,68,10,1,9,4,1,34,4,77,6,1,31,26,7,1.48,0.258,0
52202,65.0,윤태호,두산,투수,2003-10-10,190,88,상인천초-동인천중-인천고,52202,6.75,10,0,0,0,1,0,1,0.0,73,287,17.333333333333332,16,6,0,2,2,1,5,0,16,2,0,14,13,0,1.21,0.246,0
52204,29.0,이병헌,두산,투수,2003-06-04,183,95,역삼초-영동중-서울고,52204,6.23,22,0,0,0,0,0,4,0.0,56,216,13.0,11,1,0,1,0,1,10,2,9,0,0,9,9,0,1.62,0.244,0
52206,42.0,최지강,두산,투수,2001-07-23,180,88,광주서석초-광주동성중-광주동성고-강릉영동대,52206,6.34,39,0,0,2,5,0,5,0.286,149,582,32.666666666666664,41,5,0,3,3,0,13,1,38,3,0,25,23,4,1.65,0.313,0
52330,,주승우,키움,투수,2000-01-30,180,82,송추초(의정부리틀)-영동중-서울고-성균관대,52330,2.45,42,0,0,2,2,16,5,0.5,179,713,44.0,35,1,0,7,2,0,17,0,35,1,0,13,12,4,1.18,0.222,0
52395,95.0,윤석원,키움,투수,2003-07-04,185,81,부산대연초-개성중-부산고,52395,5.54,37,0,0,1,1,0,8,0.5,160,623,37.333333333333336,41,9,3,3,1,1,12,2,27,0,0,23,23,1,1.42,0.285,0
52528,,반즈,롯데,투수,1995-10-01,189,91,미국 Clemson(대)-롯데,52528,5.32,8,0,0,3,4,0,0,0.429,204,761,45.666666666666664,47,14,2,4,2,1,17,0,38,2,0,31,27,0,1.4,0.258,3
52530,37.0,이민석,롯데,투수,2003-12-10,189,95,부산수영초-대천중-개성고,52530,5.26,20,0,0,2,5,0,0,0.286,417,1596,87.33333333333333,104,13,2,10,3,4,56,0,61,2,0,56,51,0,1.83,0.295,4
52639,39.0,최지민,KIA,투수,2003-09-10,185,100,강릉율곡초(강릉리틀)-경포중-강릉고,52639,6.58,66,0,0,2,4,0,9,0.333,253,1042,53.333333333333336,46,7,1,5,2,3,51,0,39,4,0,40,39,0,1.82,0.238,0
52641,41.0,황동하,KIA,투수,2002-07-30,183,96,진북초-전라중-인상고,52641,5.3,18,0,0,1,2,0,0,0.333,155,576,35.666666666666664,38,14,1,4,3,2,10,0,31,0,0,21,21,1,1.35,0.277,0
52701,1.0,문동주,한화,투수,2003-12-23,188,97,광주화정초-무등중-진흥고,52701,4.02,24,1,0,11,5,0,0,0.688,501,1947,121.0,112,16,5,7,3,4,31,0,135,11,0,57,54,0,1.18,0.243,11
52731,96.0,박준영,한화,투수,2003-03-02,190,103,청주우암초(청주시리틀)-세광중-세광고,52731,3.6,1,0,0,0,0,0,0,0.0,24,110,5.0,3,0,0,0,0,1,6,0,3,0,0,2,2,0,1.8,0.176,0
52809,65.0,전영준,SSG,투수,2002-04-16,190,100,부곡초-휘문중-대구고-SSG-상무,52809,4.61,34,0,0,1,5,0,0,0.167,228,993,52.666666666666664,48,9,0,5,3,1,26,1,55,3,0,28,27,0,1.41,0.249,0
52902,19.0,임지민,NC,투수,2003-10-11,185,82,가평목동초(가평리틀)-춘천중-강원고,52902,3.86,7,0,0,0,1,0,1,0.0,20,84,4.666666666666667,1,0,0,0,0,1,5,0,7,0,0,2,2,1,1.29,0.071,0
52903,64.0,조민석,NC,투수,1998-12-21,180,83,천안남산초-천안북중-부천고-원광대-NC-상무,52903,6.92,6,0,0,0,1,0,0,0.0,61,258,13.0,12,2,0,3,0,0,11,0,4,2,0,10,10,0,1.77,0.25,0
52992,40.0,이준혁,NC,투수,2003-06-30,184,87,용인포곡초(처인구리틀)-성일중-율곡고-NC,52992,7.3,25,0,0,1,3,0,0,0.25,170,699,37.0,43,7,1,8,2,1,20,2,30,4,0,33,30,0,1.7,0.305,0
52995,22.0,김녹원,NC,투수,2003-05-17,182,88,학강초-무등중-광주제일고,52995,6.56,21,0,0,3,4,0,1,0.429,327,1290,70.0,75,13,1,10,5,1,47,0,37,4,0,53,51,0,1.74,0.277,0
53006,99.0,강건,KT,투수,2004-07-12,183,85,원일초(영통구리틀)-매향중-장안고,53006,24.55,2,0,0,0,1,0,0,0.0,26,104,3.6666666666666665,7,2,0,1,2,2,7,0,1,0,0,10,10,0,3.82,0.5,0
53139,39.0,박명근,LG,투수,2004-03-27,174,75,수택초(구리리틀)-구리인창중-라온고,53139,4.89,44,0,0,3,4,4,10,0.429,168,638,38.666666666666664,36,5,1,5,2,1,16,2,30,0,1,21,21,1,1.34,0.25,0
53164,99.0,김동규,키움,투수,2004-07-09,194,100,서울청구초-영남중-성남고-LG,53164,6.75,9,0,0,0,0,0,0,0.0,49,203,8.0,13,1,0,2,0,0,11,0,10,4,0,11,6,0,3.0,0.342,0
53259,41.0,최준호,두산,투수,2004-06-03,188,90,온양온천초-온양중-북일고,53259,8.44,9,0,0,1,2,0,0,0.333,74,305,16.0,18,5,0,4,0,1,9,0,11,2,0,15,15,0,1.69,0.29,0
53262,20.0,김유성,두산,투수,2002-01-01,190,98,김해삼성초-내동중-김해고-고려대(얼리 드래프트),53262,8.83,7,0,0,0,2,0,0,0.0,85,385,17.333333333333332,17,2,0,3,0,0,14,0,22,1,0,17,17,0,1.79,0.254,0
53301,35.0,박윤성,키움,투수,2004-02-08,183,96,부산수영초-개성중-경남고,53301,4.53,54,0,0,0,5,1,6,0.0,226,905,51.666666666666664,55,12,0,9,3,0,19,0,40,4,1,31,26,3,1.43,0.271,0
53375,75.0,후라도,삼성,투수,1996-01-30,188,109,파나마 San Judas Tadeo(고)-키움,53375,2.6,30,3,2,15,8,0,0,0.652,786,2921,197.33333333333334,177,17,3,17,5,1,36,0,142,3,0,65,57,0,1.08,0.239,23
53455,1.0,이호성,삼성,투수,2004-08-14,184,87,도원초(부천소사리틀)-동인천중-인천고,53455,6.34,58,0,0,7,4,9,3,0.636,252,1032,55.333333333333336,54,7,2,7,3,4,29,0,69,0,1,44,39,4,1.5,0.252,0
53609,0.0,곽도규,KIA,투수,2004-04-12,185,90,도척초-공주중-공주고,53609,13.5,9,0,0,0,0,0,3,0.0,22,99,4.0,3,0,0,0,0,0,6,0,5,1,0,6,6,1,2.25,0.214,0
53613,13.0,윤영철,KIA,투수,2004-04-20,187,87,창서초(서대문구리틀)-충암중-충암고,53613,5.58,13,0,0,2,7,0,0,0.222,227,888,50.0,52,7,0,4,1,2,30,0,43,4,0,37,31,0,1.64,0.269,1
53615,66.0,이도현,KIA,투수,2005-01-07,188,90,가동초-휘문중-휘문고,53615,6.92,6,0,0,1,1,0,0,0.5,65,242,13.0,17,5,0,1,0,1,8,0,9,1,0,11,10,0,1.92,0.309,0
53754,44.0,김서현,한화,투수,2004-05-31,188,86,효제초-자양중-서울고,53754,3.14,69,0,0,2,4,33,2,0.333,280,1124,66.0,52,7,3,4,5,2,31,3,71,7,0,23,23,4,1.26,0.222,0
53892,92.0,이로운,SSG,투수,2004-09-11,185,105,본리초-경복중-대구고,53892,1.99,75,0,0,6,5,1,33,0.545,305,1261,77.0,56,4,1,7,4,3,26,5,66,2,0,19,17,1,1.06,0.206,0
53898,28.0,송영진,SSG,투수,2004-05-28,185,90,대전유천초-한밭중-대전고,53898,5.83,21,0,0,2,5,0,0,0.286,288,1070,63.333333333333336,77,5,1,10,3,4,31,1,40,2,0,45,41,0,1.71,0.312,1
53919,43.0,신영우,NC,투수,2004-04-21,182,84,센텀초-센텀중-경남고,53919,7.53,8,0,0,1,3,0,0,0.25,68,307,14.333333333333334,8,2,0,2,1,2,16,0,19,4,0,13,12,0,1.67,0.174,0
53973,20.0,목지훈,NC,투수,2004-05-11,181,83,효제초-청량중-신일고,53973,6.05,16,0,0,3,5,0,0,0.375,280,1115,58.0,68,8,3,6,2,3,42,1,45,9,2,42,39,0,1.9,0.298,1
54063,63.0,원상현,KT,투수,2004-10-16,183,83,가산초(부산진구리틀)-개성중-부산고,54063,5.21,52,0,0,0,3,0,14,0.0,259,1009,57.0,56,10,0,8,2,3,35,3,45,4,0,35,33,0,1.6,0.257,0
54119,,에르난데스,LG,투수,1995-05-03,185,97,베네수엘라 U.E.N Monsenor Perez Leon(고)-LG,54119,4.23,14,0,0,4,4,0,0,0.5,276,1142,66.0,53,14,0,7,0,5,24,0,73,3,0,32,31,0,1.17,0.219,7
54263,63.0,김택연,두산,투수,2005-06-03,181,88,동막초-상인천중-인천고,54263,3.53,64,0,0,4,5,24,0,0.444,281,1151,66.33333333333333,47,6,0,6,4,1,31,2,79,5,0,31,26,9,1.18,0.196,0
54319,19.0,김윤하,키움,투수,2005-03-07,185,90,와부초(남양주리틀)-덕수중-장충고,54319,6.14,19,0,0,0,12,0,0,0.0,422,1645,88.0,113,18,2,16,5,4,44,1,52,2,0,76,60,1,1.78,0.309,4
54354,65.0,헤이수스,KT,투수,1996-12-10,192,104,베네수엘라 Juanita Hernandez(고)-키움,54354,3.96,32,0,0,9,9,0,1,0.5,712,2716,163.66666666666666,173,22,2,17,8,3,44,0,165,7,2,85,72,0,1.33,0.267,15
54362,62.0,전준표,키움,투수,2005-05-07,186,90,잠일초(강동구리틀)-잠신중-서울고,54362,8.85,21,0,0,2,2,0,1,0.5,114,400,20.333333333333332,33,8,0,2,3,1,19,3,15,3,0,22,20,0,2.56,0.375,0
54363,63.0,손현기,키움,투수,2005-10-22,188,88,순천북초-순천이수중-전주고,54363,15.0,2,0,0,0,0,0,0,0.0,18,78,3.0,4,1,0,1,0,0,6,0,1,1,0,5,5,0,3.33,0.364,0
54368,68.0,김연주,키움,투수,2004-02-27,175,75,대전신흥초-충남중-세광고,54368,6.62,20,0,0,1,3,0,0,0.25,250,939,51.666666666666664,67,14,2,10,2,5,25,2,28,0,0,40,38,0,1.78,0.316,0
54401,44.0,김대호,삼성,투수,2001-10-15,185,100,제주신광초-이평중-군산상고-고려대,54401,5.14,11,0,0,0,1,0,0,0.0,105,392,21.0,25,6,0,3,1,2,15,0,19,1,0,13,12,0,1.9,0.291,0
54404,4.0,육선엽,삼성,투수,2005-07-13,190,90,백마초-서울신월중-장충고,54404,5.34,27,0,0,0,1,0,1,0.0,133,564,28.666666666666668,23,3,0,4,3,0,24,0,19,2,0,21,17,0,1.64,0.217,0
54443,,레예스,삼성,투수,1996-11-02,198,113,도미니카 Melida Altagracia Baez(고)-삼성,54443,4.14,10,0,0,4,3,0,0,0.571,215,844,50.0,51,7,1,5,3,4,12,0,35,0,0,26,23,0,1.26,0.264,2
54467,49.0,정민성,삼성,투수,2005-05-09,184,98,군산중앙초-군산중-군산상일고,54467,36.0,1,0,0,0,1,0,0,0.0,7,23,1.0,3,2,1,0,0,0,0,0,0,1,0,4,4,0,3.0,0.6,0
54503,58.0,박준우,롯데,투수,2005-05-27,190,94,상동초(부천시리틀)-부천중-유신고,54503,8.03,11,0,0,1,2,0,1,0.333,64,238,12.333333333333334,21,3,1,0,0,0,6,0,11,0,0,11,11,1,2.19,0.368,0
54537,57.0,정현수,롯데,투수,2001-05-10,180,84,부산대연초-부산중-부산고-송원대,54537,3.97,82,0,0,2,0,0,12,1.0,203,851,47.666666666666664,34,9,0,4,3,3,26,0,47,2,0,23,21,0,1.26,0.201,0
54608,,김민재,KIA,투수,2003-07-08,188,85,효제초-청량중-신일고-동원과학기술대-KIA-상무,54608,0.0,1,0,0,0,0,0,0,0.0,8,21,2.0,2,0,0,0,0,0,0,0,1,0,0,0,0,0,1.0,0.25,0
54610,65.0,성영탁,KIA,투수,2004-07-28,180,89,동주초(부산서구리틀)-개성중-부산고,54610,1.55,45,0,0,3,2,0,7,0.6,198,753,52.333333333333336,38,6,0,2,2,1,13,0,30,1,0,11,9,0,0.97,0.209,0
54640,40.0,네일,KIA,투수,1993-02-08,193,83,미국 Alabama at Birmingham(대),54640,2.25,27,0,0,8,4,0,0,0.667,664,2521,164.33333333333334,135,18,1,6,7,2,41,0,152,4,0,46,41,0,1.07,0.225,19
54645,49.0,김민주,KIA,투수,2002-09-08,182,85,서울청담초(성동구리틀)-건대부중-배명고-강릉영동대,54645,12.0,3,0,0,0,0,0,0,0.0,17,54,3.0,4,1,1,0,0,1,2,0,2,0,0,4,4,0,2.0,0.333,0
54702,48.0,원종혁,한화,투수,2005-08-27,184,92,서울도곡초-휘문중-구리인창고,54702,16.2,2,0,0,0,0,0,0,0.0,10,37,1.6666666666666667,3,0,0,1,0,1,2,0,1,0,0,3,3,0,3.0,0.429,0
54729,29.0,황준서,한화,투수,2005-08-22,185,78,면일초(중랑구리틀)-상명중-장충고,54729,5.3,23,0,0,2,8,0,0,0.2,242,1012,56.0,54,11,4,7,0,2,26,2,57,1,0,37,33,0,1.43,0.255,2
54755,55.0,와이스,한화,투수,1996-12-10,193,95,미국 Wright State(대),54755,2.87,30,0,0,16,5,0,0,0.762,725,2837,178.66666666666666,127,30,1,13,4,6,56,0,207,5,2,63,57,0,1.02,0.197,21
54768,68.0,조동욱,한화,투수,2004-11-02,190,82,소래초-영남중-장충고,54768,4.05,68,0,0,3,3,2,5,0.5,283,1068,60.0,77,16,0,4,2,2,29,3,43,7,1,29,27,1,1.77,0.313,0
54802,66.0,박기호,SSG,투수,2005-07-26,184,80,샛별초(청주시리틀)-현도중-청주고,54802,3.0,18,0,0,0,0,0,2,0.0,110,451,24.0,23,2,0,3,3,1,12,1,13,2,0,10,8,0,1.46,0.267,0
54803,40.0,최현석,SSG,투수,2003-10-16,185,90,서흥초-동산중-동산고-부산과학기술대,54803,6.23,13,0,0,0,0,0,0,0.0,77,290,17.333333333333332,21,2,0,5,0,0,6,0,11,1,0,13,12,0,1.56,0.304,0
54833,33.0,앤더슨,SSG,투수,1994-03-22,194,83,미국 Galena(고),54833,2.25,30,0,0,12,7,0,0,0.632,694,2792,171.66666666666666,121,17,1,13,3,3,51,1,245,10,0,53,43,0,1.0,0.193,17
54900,28.0,임상현,NC,투수,2005-07-16,184,89,김천신일초(김천시리틀)-상원중-대구상원고,54900,18.0,1,0,0,0,0,0,0,0.0,8,34,1.0,2,1,0,0,0,0,3,0,0,0,0,2,2,0,5.0,0.4,0
54903,48.0,최우석,NC,투수,2005-03-31,190,90,서흥초-동인천중-비봉고,54903,8.16,12,0,0,0,0,0,0,0.0,75,282,14.333333333333334,23,5,0,1,1,1,9,0,15,5,0,16,13,0,2.23,0.359,0
54904,46.0,손주환,NC,투수,2002-01-05,177,85,영천초-신정중-물금고-동아대,54904,4.35,52,0,0,6,1,0,7,0.857,224,807,51.666666666666664,53,5,0,5,1,2,19,0,37,0,0,29,25,0,1.39,0.264,0
54913,63.0,김민규,NC,투수,2001-09-07,183,84,광주서석초-진흥중-광주동성고-경성대,54913,7.71,7,0,0,0,0,0,1,0.0,23,96,4.666666666666667,5,2,0,0,0,1,4,1,2,0,0,4,4,0,1.93,0.278,0
55032,32.0,패트릭,KT,투수,1995-06-10,196,96,미국 Hamilton(고),55032,3.12,15,0,0,3,3,0,2,0.5,267,992,60.666666666666664,63,10,2,2,1,0,21,0,45,5,0,26,21,0,1.38,0.259,2
55040,40.0,김동현,KT,투수,2006-01-21,193,97,신천초(고양덕양구리틀)-잠신중-서울고,55040,13.5,3,0,0,0,0,0,0,0.0,19,66,3.3333333333333335,7,0,0,2,0,0,3,0,4,3,0,5,5,0,3.0,0.438,0
55043,43.0,김재원,KT,투수,2006-08-21,190,90,서울청구초-홍은중-장충고,55043,10.38,4,0,0,0,0,0,0,0.0,24,99,4.333333333333333,3,1,0,0,0,1,8,0,4,3,0,5,5,0,2.54,0.214,0
55046,46.0,박건우,KT,투수,2006-11-28,182,95,서울행당초(성동구유소년야구단)-충암중-충암고,55046,2.7,6,0,0,0,0,0,0,0.0,28,117,6.666666666666667,4,0,0,1,0,0,4,0,9,0,0,2,2,0,1.2,0.167,0
55121,19.0,박시원,LG,투수,2006-04-12,193,93,송수초(해운대리틀)-센텀중-경남고,55121,13.5,2,0,0,0,0,0,0,0.0,9,35,1.3333333333333333,0,0,0,0,0,0,5,0,0,0,0,2,2,0,3.75,0.0,0
55122,49.0,김종운,LG,투수,2006-09-11,186,85,국산초(거제시리틀)-동강중-창원공고야구단,55122,5.4,2,0,0,0,0,0,0,0.0,7,31,1.6666666666666667,2,0,0,2,0,0,0,0,2,0,0,3,1,0,1.2,0.286,0
55130,30.0,톨허스트,LG,투수,1999-09-13,193,86,미국 Grossmont(고),55130,2.86,8,0,0,6,2,0,0,0.75,184,713,44.0,39,7,1,2,1,1,16,1,45,1,0,15,14,0,1.25,0.238,5
55138,,코엔 윈,LG,투수,1999-01-25,193,86,호주 Grand Canyon(대)-LG,55138,7.04,5,0,0,1,1,0,0,0.5,107,408,23.0,28,7,0,4,2,1,4,0,8,0,0,19,18,0,1.39,0.295,1
55146,46.0,치리노스,LG,투수,1993-12-26,188,102,베네수엘라 U.E.N heroes nigales(고),55146,3.31,30,0,0,13,6,0,0,0.684,737,2809,177.0,173,26,1,5,8,1,36,0,137,4,0,71,65,0,1.18,0.253,17
55167,67.0,김영우,LG,투수,2005-01-14,185,90,양원초(서대문구리틀)-신월중-서울고,55167,2.4,66,0,0,3,2,1,7,0.6,255,957,60.0,49,13,0,2,5,2,30,2,56,5,0,17,16,3,1.32,0.228,0
55215,92.0,양재훈,두산,투수,2003-05-01,186,89,부산수영초-사직중-개성고-동의과학대,55215,4.24,19,0,0,0,0,1,0,0.0,93,380,23.333333333333332,19,4,0,3,0,1,8,0,19,0,0,11,11,0,1.16,0.226,0
55221,95.0,김한중,두산,투수,2004-11-03,183,89,고명초-덕수중-경기상고-여주대,55221,0.0,2,0,0,0,0,0,0,0.0,8,25,2.0,1,1,0,0,0,0,0,0,0,0,0,1,0,0,0.5,0.125,0
55239,39.0,잭로그,두산,투수,1996-04-23,183,84,미국 Archbishop Moeller(고)-미국 Kentucky(대),55239,2.81,30,0,0,10,8,0,1,0.556,722,2698,176.0,146,25,4,8,11,2,39,0,156,4,0,66,55,0,1.05,0.224,17
55257,57.0,콜어빈,두산,투수,1994-01-31,193,102,미국 Servite(고)-미국 Oregon(대),55257,4.48,28,0,0,8,12,0,0,0.4,649,2593,144.66666666666666,142,26,3,9,14,8,79,1,128,6,0,80,72,0,1.53,0.268,10
55267,67.0,홍민규,두산,투수,2006-09-11,183,87,서울논현초(용산구리틀)-대원중-야탑고,55267,4.59,20,0,0,2,1,1,0,0.667,151,571,33.333333333333336,37,6,0,4,0,3,15,0,17,4,0,19,17,0,1.56,0.28,0
55268,68.0,최민석,두산,투수,2006-07-02,188,84,중대초-양천중-서울고,55268,4.4,17,0,0,3,3,0,0,0.5,333,1342,77.66666666666667,72,15,1,7,3,1,34,1,53,5,1,41,38,0,1.36,0.248,4
55300,37.0,손힘찬,키움,투수,2002-07-17,191,88,화산초(수원영통구리틀)-현도중-세광고-동아대,55300,11.25,4,0,0,0,0,0,0,0.0,22,84,4.0,5,2,0,0,0,0,4,0,4,1,0,5,5,0,2.25,0.294,0
55301,21.0,이준우,키움,투수,2001-03-02,183,93,문현초(해운대리틀)-센텀중-경남고,55301,8.61,31,0,0,1,4,0,3,0.2,118,469,23.0,37,7,1,6,2,0,12,0,22,0,0,23,22,0,2.13,0.359,0
55313,13.0,정현우,키움,투수,2006-04-13,181,91,홍제초(서대문구리틀)-충암중-덕수고,55313,5.86,18,0,0,3,7,0,0,0.3,384,1496,81.33333333333333,92,20,0,8,3,6,48,0,55,4,2,63,53,0,1.72,0.287,3
55322,,로젠버그,키움,투수,1995-07-09,186,90,미국 California State(대)-키움,55322,3.23,13,0,0,4,4,0,0,0.5,320,1265,75.33333333333333,63,13,2,5,3,1,25,0,80,2,0,33,27,0,1.17,0.22,6
55342,42.0,메르세데스,키움,투수,1994-03-08,188,82,도미니카 Colegio Nueva Esperanza(고),55342,4.47,8,0,0,3,3,0,0,0.5,197,764,46.333333333333336,54,12,0,5,2,1,9,0,41,2,1,24,23,0,1.36,0.292,2
55348,,웰스,키움,투수,1997-02-27,185,84,호주 Hunter Sports(고),55348,3.15,4,0,0,1,1,0,0,0.5,85,329,20.0,18,3,0,0,0,1,6,0,16,0,0,8,7,0,1.2,0.234,2
55359,59.0,김서준,키움,투수,2006-12-22,187,83,고양화정초(일산서구리틀)-원당중-충훈고,55359,20.25,4,0,0,0,0,0,0,0.0,34,123,5.333333333333333,14,5,0,2,0,1,5,0,4,1,0,12,12,0,3.56,0.5,0
55377,77.0,정세영,키움,투수,2006-09-23,177,82,서울학동초-언북중-경기상고,55377,16.88,4,0,0,0,1,0,0,0.0,22,84,2.6666666666666665,9,2,0,0,0,0,4,0,2,1,0,6,5,0,4.88,0.5,0
55382,82.0,임진묵,키움,투수,2006-04-23,181,85,천안청룡초-상명중-경기상고,55382,24.55,4,0,0,0,0,0,0,0.0,28,108,3.6666666666666665,10,2,1,0,0,1,5,0,3,1,0,11,10,0,4.09,0.476,0
55394,94.0,박정훈,키움,투수,2006-03-23,192,103,삼일초-매향중-비봉고,55394,7.43,16,0,0,0,1,1,0,0.0,116,450,23.0,24,6,0,1,1,4,20,0,7,3,0,24,19,0,1.91,0.276,0
55396,96.0,윤현,키움,투수,2006-10-20,187,90,가동초-자양중-경기고,55396,8.59,17,0,0,2,1,0,0,0.667,125,514,22.0,31,4,1,2,0,2,23,0,15,5,0,28,21,1,2.45,0.326,0
55455,55.0,배찬승,삼성,투수,2006-01-01,180,85,대구옥산초-협성경복중-대구고,55455,3.91,65,0,0,2,3,0,19,0.4,233,962,50.666666666666664,50,11,0,3,4,0,34,1,57,5,0,25,22,2,1.66,0.259,0
55460,60.0,가라비토,삼성,투수,1995-08-19,183,100,도미니카 Liceo Enedina Puella Renville (고)	,55460,2.64,15,0,0,4,4,0,0,0.5,327,1356,78.33333333333333,56,5,0,6,4,0,37,1,84,2,0,31,23,0,1.19,0.2,4
55503,67.0,이영재,롯데,투수,2006-10-20,180,71,태봉초(의정부시유소년야구단)-신흥중-신흥고,55503,9.0,3,0,0,0,0,0,0,0.0,11,43,2.0,5,1,0,1,0,0,0,0,2,0,0,2,2,0,2.5,0.5,0
55526,26.0,벨라스케즈,롯데,투수,1992-06-07,190,95,미국 Garey(고),55526,8.23,11,0,0,1,4,0,0,0.2,168,651,35.0,47,10,1,7,2,0,18,0,28,1,2,32,32,0,1.86,0.324,1
55532,32.0,감보아,롯데,투수,1997-01-17,185,92,미국 Fresno City(대),55532,3.58,19,0,0,7,8,0,0,0.467,475,1866,108.0,97,16,0,6,6,5,49,0,117,5,0,54,43,0,1.35,0.236,11
55536,,데이비슨,롯데,투수,1996-03-25,188,97,미국 Midland(대)-롯데,55536,3.65,22,0,0,10,5,0,0,0.667,529,2100,123.33333333333333,123,20,2,10,4,2,48,0,119,4,1,53,50,0,1.39,0.262,11
55566,66.0,김태현,롯데,투수,2005-11-16,185,87,광주서림초-진흥중-광주제일고,55566,4.5,1,0,0,0,0,0,0,0.0,12,51,2.0,1,0,0,0,0,1,4,0,2,0,0,2,1,0,2.5,0.143,0
55568,68.0,박세현,롯데,투수,2006-01-21,183,88,중화초(중랑구리틀)-상명중-배명고,55568,14.73,3,0,0,0,0,0,0,0.0,21,65,3.6666666666666665,8,5,0,1,0,0,1,0,4,0,0,6,6,0,2.45,0.421,0
55610,10.0,김태형,KIA,투수,2006-12-15,184,95,화순초-거원중-덕수고,55610,4.56,8,0,0,0,3,0,0,0.0,107,422,23.666666666666668,25,4,0,4,3,0,7,0,14,1,1,12,12,0,1.35,0.272,0
55632,6.0,이성원,KIA,투수,2006-05-18,184,90,호동초(화성B리틀)-안산중앙중-유신고,55632,16.88,4,0,0,0,0,0,0,0.0,19,71,2.6666666666666665,3,1,0,0,0,0,4,0,3,0,0,7,5,0,2.63,0.25,0
55633,33.0,올러,KIA,투수,1994-10-17,193,102,미국 Northwestern State(대),55633,3.62,26,1,0,11,7,0,0,0.611,620,2490,149.0,125,25,3,8,5,6,47,0,169,2,0,64,60,0,1.15,0.226,16
55646,46.0,김정엽,KIA,투수,2006-04-18,185,96,부산수영초-개성중-부산고,55646,18.0,2,0,0,0,0,0,0,0.0,5,21,1.0,0,0,0,0,0,0,1,0,0,0,0,2,2,0,1.0,0.0,0
55663,63.0,이호민,KIA,투수,2006-08-26,182,85,해남북일초(해남군리틀)-이평중-전주고,55663,8.59,13,0,0,1,0,0,0,1.0,72,259,14.666666666666666,21,5,0,0,2,1,9,1,7,0,0,14,14,0,2.05,0.362,0
55730,30.0,폰세,한화,투수,1994-04-25,198,115,미국 California State(대),55730,1.89,29,0,0,17,1,0,0,0.944,697,2854,180.66666666666666,128,18,0,10,3,4,41,0,252,7,3,41,38,0,0.94,0.199,20
55743,43.0,정우주,한화,투수,2006-11-07,184,88,구남초(남양주리틀)-건대부중-전주고,55743,2.85,51,0,0,3,0,0,3,1.0,228,1007,53.666666666666664,34,6,1,6,3,2,21,0,82,3,1,18,17,0,1.02,0.177,0
55764,64.0,권민규,한화,투수,2006-05-13,188,90,청주석교초-세광중-세광고,55764,8.44,5,0,0,0,0,0,0,0.0,28,129,5.333333333333333,5,1,0,1,0,1,7,0,4,0,0,5,5,0,2.25,0.25,0
55855,55.0,화이트,SSG,투수,1994-12-28,190,95,미국 Santa Clara(대),55855,2.87,24,1,0,11,4,0,0,0.733,562,2165,134.66666666666666,111,17,2,9,4,3,44,1,137,6,0,51,43,0,1.15,0.221,12
55860,60.0,신지환,SSG,투수,2006-04-17,180,81,강남초-성남중-성남고,55860,0.0,1,0,0,0,0,0,0,0.0,4,18,1.0,0,0,0,0,0,0,0,0,1,0,0,0,0,0,0.0,0.0,0
55903,3.0,라일리,NC,투수,1996-07-09,190,100,미국 Louisville(대),55903,3.45,30,0,0,17,7,0,0,0.708,709,2916,172.0,136,25,2,18,4,4,56,0,216,5,0,76,66,0,1.12,0.212,16
55912,12.0,로건,NC,투수,1997-05-23,186,105,미국 IMG Academy(고),55912,4.53,32,0,0,7,12,0,0,0.368,770,3037,173.0,180,30,2,18,3,5,67,3,149,6,0,98,87,0,1.43,0.263,16
55995,95.0,김태훈,NC,투수,2006-10-26,188,88,부평남초(부평구리틀)-동인천중-소래고,55995,5.21,18,0,0,0,0,0,0,0.0,94,356,19.0,17,2,0,4,1,0,16,0,9,5,0,15,11,0,1.74,0.224,0
60146,20.0,이승현,삼성,투수,1991-11-20,181,92,화순초-진흥중-화순고-LG,60146,6.31,42,0,0,2,1,0,11,0.667,161,648,35.666666666666664,43,7,0,9,6,1,11,1,29,1,0,26,25,1,1.51,0.303,0
60337,69.0,김대유,KIA,투수,1991-05-08,187,92,부산중앙초-부산중-부산고-히어로즈-SK-KT-LG,60337,9.72,15,0,0,0,1,0,1,0.0,42,140,8.333333333333334,12,1,0,1,0,1,4,0,3,0,0,9,9,0,1.92,0.324,0
60559,25.0,박시영,롯데,투수,1989-03-10,181,92,축현초-인천신흥중-제물포고-(영남사이버대)-롯데-KT,60559,11.05,11,0,0,1,0,0,0,1.0,42,169,7.333333333333333,9,4,0,0,0,0,9,0,10,0,0,9,9,0,2.45,0.29,0
60768,46.0,이태양,한화,투수,1990-07-03,192,97,여수서초-여수중-효천고-한화-SK-SSG,60768,3.97,14,0,0,0,1,0,0,0.0,51,181,11.333333333333334,14,5,0,0,1,0,5,1,8,0,0,5,5,1,1.68,0.318,0
60841,50.0,박종훈,SSG,투수,1991-08-13,186,90,군산중앙초-군산중-군산상고-SK-상무-SK,60841,7.11,5,0,0,0,2,0,0,0.0,90,370,19.0,15,1,0,4,1,1,18,0,10,0,0,17,15,0,1.74,0.231,1
61101,1.0,임찬규,LG,투수,1992-11-20,185,80,가동초-청원중-휘문고-LG-경찰,61101,3.03,27,1,1,11,7,0,0,0.611,670,2490,160.33333333333334,163,38,3,9,5,4,40,1,107,1,0,61,54,0,1.27,0.265,15
61145,21.0,이우찬,LG,투수,1992-08-04,185,97,온양온천초-온양중-북일고-LG-경찰,61145,1.89,23,0,0,0,1,0,0,0.0,86,338,19.0,13,2,0,0,1,0,14,0,20,3,0,6,4,0,1.42,0.186,0
61268,19.0,양현,삼성,투수,1992-08-23,189,104,영랑초-한밭중-대전고-두산-상무-히어로즈-키움,61268,0.0,4,0,0,0,0,0,0,0.0,15,65,3.3333333333333335,2,0,0,0,0,0,3,0,1,0,0,0,0,1,1.5,0.167,0
61365,17.0,김대우,삼성,투수,1988-11-21,183,85,역삼초-대치중-서울고-홍익대-히어로즈-상무-히어로즈,61365,0.0,2,0,0,0,0,0,1,0.0,3,16,0.6666666666666666,1,1,0,0,0,0,0,0,0,0,0,0,0,0,1.5,0.333,0
61643,17.0,홍건희,두산,투수,1992-09-29,187,97,화순초-화순중-화순고-KIA-상무-KIA,61643,6.19,20,0,0,2,1,0,0,0.667,83,341,16.0,18,1,0,2,2,0,15,1,15,0,0,13,11,0,2.06,0.273,0
61666,26.0,한승혁,한화,투수,1993-01-03,185,100,도신초-강남중-덕수고-(남부대)-KIA,61666,2.25,71,0,0,3,3,3,16,0.5,269,1002,64.0,56,5,1,4,2,0,23,1,53,3,0,18,16,5,1.23,0.236,0
61895,22.0,서진용,SSG,투수,1992-10-02,184,88,남부민초-대동중-경남고-상무-SK,61895,6.75,2,0,0,0,0,0,0,0.0,7,27,1.3333333333333333,1,0,0,0,0,0,3,0,0,0,0,1,1,0,3.0,0.25,0
62146,54.0,최성훈,삼성,투수,1989-10-11,178,75,가동초-잠신중-경기고-경희대-LG,62146,9.0,2,0,0,0,0,0,0,0.0,5,20,1.0,1,0,0,0,0,0,1,0,1,0,0,1,1,0,2.0,0.25,0
62360,27.0,김태훈,삼성,투수,1992-03-02,187,101,남부민초-대신중-부경고-히어로즈-경찰-히어로즈-키움,62360,4.48,73,0,0,2,6,2,19,0.25,287,1122,66.33333333333333,66,13,0,8,1,3,26,3,74,4,0,34,33,5,1.39,0.259,0
62363,1.0,한현희,롯데,투수,1993-06-25,182,98,동삼초-경남중-경남고-히어로즈-키움,62363,6.23,3,0,0,0,0,0,1,0.0,41,161,8.666666666666666,13,2,0,2,0,0,2,0,8,1,0,6,6,0,1.73,0.342,0
62528,34.0,김원중,롯데,투수,1993-06-14,192,96,학강초-광주동성중-광주동성고,62528,2.67,53,0,0,4,3,32,0,0.571,272,1117,60.666666666666664,58,11,2,4,4,1,33,6,69,7,1,21,18,6,1.5,0.25,0
62754,17.0,임기영,KIA,투수,1993-04-16,184,86,대구수창초-경운중-경북고-한화-상무,62754,13.0,10,0,0,1,1,0,0,0.5,52,176,9.0,23,4,0,2,1,0,4,0,5,0,0,13,13,0,3.0,0.489,0
62869,42.0,문승원,SSG,투수,1989-11-28,180,88,가동초-배명중-배명고-고려대-SK-상무-SK,62869,5.13,23,0,0,4,7,0,0,0.364,452,1783,105.33333333333333,109,23,3,16,6,4,38,0,61,4,0,61,60,0,1.4,0.273,5
62951,28.0,이형범,KIA,투수,1994-02-27,181,80,화순초-화순중-화순고-NC-경찰-NC-두산,62951,11.7,12,0,0,0,0,0,0,0.0,56,209,10.0,21,6,1,0,1,2,5,1,6,0,0,16,13,0,2.6,0.438,0
63145,25.0,배재준,LG,투수,1994-11-24,188,85,본리초-경상중-대구상원고,63145,5.54,14,0,0,0,0,0,1,0.0,56,234,13.0,9,4,0,1,0,1,7,0,14,1,0,8,8,0,1.23,0.191,0
63248,11.0,함덕주,LG,투수,1995-01-13,181,78,일산초-원주중-원주고-두산,63248,6.0,31,0,0,2,3,0,1,0.4,113,463,27.0,14,5,0,1,4,3,18,0,26,3,0,19,18,0,1.19,0.159,0
63342,11.0,조상우,KIA,투수,1994-09-04,186,97,서화초-상인천중-대전고-히어로즈-키움,63342,3.9,72,0,0,6,6,1,28,0.5,271,1113,60.0,64,15,0,5,6,1,27,3,55,2,0,29,26,3,1.52,0.277,0
63492,26.0,이재익,삼성,투수,1994-03-18,180,76,삼일초-중앙중-유신고,63492,1.23,7,0,0,1,0,0,0,1.0,31,113,7.333333333333333,8,0,1,0,0,0,2,0,6,1,0,1,1,0,1.36,0.276,0
63512,40.0,박진형,롯데,투수,1994-06-10,181,77,영랑초-경포중-강릉고,63512,8.44,7,0,0,0,0,0,0,0.0,29,104,5.333333333333333,9,3,0,1,0,0,3,0,5,0,0,7,5,0,2.25,0.346,0
63543,22.0,구승민,롯데,투수,1990-06-12,182,86,동일초(도봉구리틀)-청원중-청원고-홍익대-롯데-상무,63543,7.0,11,0,0,0,1,0,1,0.0,45,187,9.0,9,1,1,1,0,0,7,0,10,0,0,10,7,0,1.78,0.243,0
63765,38.0,김종수,한화,투수,1994-06-03,180,88,성동초-덕수중-울산공고,63765,3.25,63,0,0,4,5,0,5,0.444,282,1104,63.666666666666664,57,17,1,5,4,5,36,1,59,2,1,30,23,0,1.46,0.245,0
63950,50.0,장현식,LG,투수,1995-02-24,181,91,신도초-서울이수중-서울고-NC-경찰-NC-KIA,63950,4.35,56,0,0,3,3,10,5,0.5,234,884,49.666666666666664,65,16,1,4,3,0,21,1,38,4,0,27,24,1,1.73,0.317,0
63959,13.0,임정호,NC,투수,1990-04-16,188,90,성동초-잠신중-신일고-성균관대-NC-상무,63959,4.82,31,0,0,1,1,0,4,0.5,88,336,18.666666666666668,18,3,1,3,3,1,9,1,15,1,0,13,10,2,1.45,0.254,0
63960,15.0,이상민,삼성,투수,1990-11-04,180,85,남도초(수성리틀)-대구중-경북고-동의대-NC-히어로즈-경찰-히어로즈-키움,63960,0.0,1,0,0,0,0,0,0,0.0,5,12,1.0,2,0,0,0,0,0,0,0,1,0,0,0,0,0,2.0,0.4,0
64001,1.0,고영표,KT,투수,1991-09-16,187,88,광주대성초-광주동성중-화순고-동국대,64001,3.3,29,1,1,11,8,0,0,0.579,685,2525,161.0,170,31,2,10,7,7,30,2,154,4,1,70,59,0,1.24,0.272,20
64017,23.0,심재민,롯데,투수,1994-02-18,182,92,장유초(김해엔젤스리틀)-개성중-개성고-(전남과학대)-KT,64017,3.0,4,0,0,1,0,0,0,1.0,15,48,3.0,5,1,0,0,0,0,1,0,2,1,0,2,1,0,2.0,0.357,0
64021,21.0,박세웅,롯데,투수,1995-11-30,182,85,대구경운초-경운중-경북고-KT,64021,4.93,29,0,0,11,13,0,0,0.458,722,2694,160.66666666666666,183,46,1,15,8,4,54,0,156,14,1,99,88,0,1.48,0.282,12
64350,50.0,하영민,키움,투수,1995-05-07,183,74,광주수창초-진흥중-진흥고-히어로즈,64350,4.99,28,0,0,7,14,0,0,0.333,669,2506,153.33333333333334,169,29,3,13,8,2,41,1,134,7,0,90,85,0,1.37,0.278,14
64580,32.0,김재열,NC,투수,1996-01-02,183,97,양정초-개성중-부산고-KIA,64580,6.23,22,0,0,0,0,0,2,0.0,111,402,21.666666666666668,32,6,1,5,2,2,16,1,16,2,0,16,15,0,2.22,0.356,0
64596,0.0,김유영,LG,투수,1994-05-02,180,83,양정초-개성중-경남고-롯데-상무-롯데,64596,12.46,6,0,0,0,0,0,0,0.0,26,108,4.333333333333333,8,3,0,0,1,0,4,0,5,0,0,6,6,0,2.77,0.4,0
64768,54.0,조이현,KT,투수,1995-06-27,185,95,송정동초-배재중-제주고-한화-SK-상무-SK-SSG,64768,5.4,3,0,0,1,2,0,0,0.333,50,173,11.666666666666666,17,2,1,2,0,0,0,0,3,0,0,7,7,0,1.46,0.347,0
64995,61.0,배재환,NC,투수,1995-02-24,186,95,가동초-잠신중-서울고-NC-상무,64995,4.48,70,0,0,2,4,2,24,0.333,271,1117,60.333333333333336,48,6,1,3,6,0,37,4,51,6,0,36,30,3,1.41,0.221,0
65048,26.0,김민수,KT,투수,1992-07-24,188,80,청원초-청원중-청원고-성균관대-KT-상무,65048,4.96,58,0,0,4,3,0,11,0.571,230,817,52.666666666666664,63,11,2,5,2,4,15,1,36,5,0,31,29,1,1.48,0.303,0
65056,11.0,엄상백,한화,투수,1996-10-04,187,72,역삼초-언북중-덕수고-KT-상무-KT,65056,6.58,28,0,0,2,7,0,1,0.222,379,1540,80.66666666666667,106,18,3,13,3,3,38,0,74,3,0,60,59,0,1.79,0.324,2
65060,38.0,주권,KT,투수,1995-05-31,181,82,청주우암초-청주중-청주고,65060,4.43,34,0,0,0,1,0,0,0.0,176,634,40.666666666666664,48,2,0,3,3,1,13,1,19,0,1,23,20,1,1.5,0.302,0
65062,62.0,김재윤,삼성,투수,1990-09-16,185,91,서울도곡초-휘문중-휘문고-KT,65062,4.99,63,0,0,4,7,13,3,0.364,242,938,57.666666666666664,57,12,2,10,2,1,13,3,43,1,0,34,32,3,1.21,0.253,0
65109,61.0,백승현,LG,투수,1995-05-26,183,90,소래초-상인천중-인천고,65109,3.9,33,0,0,1,0,0,2,1.0,146,583,30.0,28,3,1,2,2,1,28,1,27,3,0,13,13,0,1.87,0.246,0
65117,18.0,이상규,한화,투수,1996-10-20,185,77,흥인초-청원중-청원고-LG,65117,8.0,5,0,0,0,1,0,0,0.0,47,155,9.0,16,2,1,0,0,0,4,0,5,0,0,9,8,0,2.22,0.372,0
65320,3.0,최원태,삼성,투수,1997-01-07,184,104,인헌초(용산구리틀)-서울경원중-서울고-히어로즈-키움-LG,65320,4.92,27,0,0,8,7,0,0,0.533,552,2137,124.33333333333333,128,21,0,13,10,7,51,1,109,9,0,72,68,0,1.44,0.271,8
65343,43.0,김택형,SSG,투수,1996-10-10,185,90,창영초-재능중-동산고-히어로즈-SK-SSG-상무,65343,2.78,25,0,0,0,0,0,1,0.0,95,371,22.666666666666668,19,6,0,0,1,0,10,0,14,2,0,7,7,0,1.28,0.235,0
65411,57.0,김주온,LG,투수,1996-12-08,187,89,울산대현초-구미중-울산공고-SK-SSG,65411,27.0,1,0,0,0,1,0,0,0.0,5,23,0.3333333333333333,0,0,0,0,0,0,2,0,1,0,0,1,1,0,6.0,0.0,0
65516,19.0,배제성,KT,투수,1996-09-29,190,90,백마초-성남중-성남고-롯데-KT-상무,65516,5.67,8,0,0,2,3,0,0,0.4,127,514,27.0,38,5,1,2,1,0,11,1,23,1,0,17,17,0,1.81,0.33,0
65522,19.0,김강현,롯데,투수,1995-02-27,177,84,고명초-청원중-청원고,65522,4.0,67,0,0,2,2,0,4,0.5,306,1135,72.0,69,15,1,9,2,4,21,0,36,4,0,37,32,0,1.25,0.254,0
65639,12.0,박정수,두산,투수,1996-01-29,178,74,서울청구초-서울이수중-야탑고-KIA-경찰-KIA-NC,65639,4.1,29,0,0,1,0,0,3,1.0,119,418,26.333333333333332,31,3,1,1,3,2,8,1,15,1,0,13,12,0,1.48,0.304,0
65665,20.0,이준영,KIA,투수,1992-08-10,177,85,군산남초-군산중-군산상고-중앙대-KIA-상무,65665,4.76,57,0,0,3,1,0,7,0.75,145,569,34.0,36,10,0,6,1,0,11,2,34,1,0,18,18,1,1.38,0.273,0
65707,66.0,주현상,한화,투수,1992-08-10,177,92,청주우암초-청주중-청주고-동아대,65707,5.18,48,0,0,5,2,1,3,0.714,193,776,41.666666666666664,59,14,2,8,2,0,10,0,37,1,0,25,24,2,1.66,0.331,0
65769,47.0,김범수,한화,투수,1995-10-03,181,92,온양온천초-온양중-북일고,65769,2.25,73,0,0,2,1,2,6,0.667,195,780,48.0,30,5,0,0,2,1,22,1,41,1,0,17,12,0,1.08,0.181,0
65933,59.0,구창모,NC,투수,1997-02-17,182,85,천안남산초-덕수중-울산공고-NC-상무,65933,2.51,4,0,0,1,0,0,0,1.0,59,250,14.333333333333334,14,3,0,1,0,0,3,0,18,1,0,4,4,0,1.19,0.25,0
65949,41.0,류진욱,NC,투수,1996-10-10,189,88,양정초-개성중-부산고,65949,3.27,62,0,0,4,3,29,0,0.571,275,1061,66.0,50,7,1,6,2,1,28,3,57,5,0,27,24,1,1.18,0.21,0
66018,49.0,김선기,키움,투수,1991-09-01,187,98,석교초-세광중-세광고-상무-히어로즈,66018,5.65,44,0,0,1,7,0,2,0.125,381,1391,78.0,96,17,0,6,3,5,47,1,43,2,0,55,49,0,1.83,0.305,0
66291,50.0,이영하,두산,투수,1997-11-01,192,91,영일초-강남중-선린인터넷고,66291,4.05,73,0,0,4,4,0,14,0.5,299,1136,66.66666666666667,63,10,0,4,5,1,39,2,72,7,0,33,30,5,1.53,0.254,0
66451,51.0,최충연,삼성,투수,1997-03-05,190,85,대구수창초-대구중-경북고,66451,37.8,4,0,0,0,0,0,0,0.0,15,60,1.6666666666666667,7,1,0,1,0,0,2,0,1,0,0,8,7,0,5.4,0.583,0
66609,51.0,전상현,KIA,투수,1996-04-18,182,88,남도초-경복중-대구상원고-KIA-상무,66609,3.34,74,0,0,7,5,1,25,0.583,290,1048,70.0,64,15,0,4,1,3,20,3,50,3,0,30,26,7,1.2,0.242,0
66858,51.0,정동윤,SSG,투수,1997-10-22,193,103,덕성초(안산리틀)-중앙중-야탑고-SK-상무-SK,66858,8.31,12,0,0,0,0,0,0,0.0,82,317,17.333333333333332,21,6,0,2,1,1,12,0,17,1,0,16,16,0,1.9,0.309,0
66920,26.0,최성영,NC,투수,1997-04-28,180,85,영랑초-설악중-설악고-NC-상무,66920,6.23,35,0,0,2,2,0,4,0.5,228,921,47.666666666666664,62,13,2,6,4,5,28,1,33,2,1,33,33,0,1.89,0.33,0
67048,21.0,이정현,KT,투수,1997-12-05,188,93,무학초-마산동중-용마고,67048,16.62,6,0,0,0,0,0,0,0.0,27,100,4.333333333333333,9,3,0,0,0,1,4,0,3,0,0,8,8,0,3.0,0.429,0
67116,31.0,오석주,키움,투수,1998-04-14,180,74,양정초-대천중-제주고-LG,67116,3.7,53,0,0,2,1,0,7,0.667,252,1032,58.333333333333336,52,6,1,4,3,4,29,0,44,3,0,24,24,1,1.39,0.249,0
67143,29.0,손주영,LG,투수,1998-12-02,191,95,울산대현초-개성중-경남고,67143,3.41,30,0,0,11,6,0,0,0.647,644,2496,153.0,153,20,2,8,5,3,49,0,132,6,0,67,58,0,1.32,0.262,14
67246,46.0,김명신,두산,투수,1993-11-29,178,90,남도초-대구중-경북고-경성대,67246,5.4,8,0,0,0,0,0,0,0.0,43,202,8.333333333333334,13,3,1,0,0,1,3,0,6,1,0,8,5,0,1.92,0.342,0
67263,61.0,최원준,두산,투수,1994-12-21,182,91,수유초-신일중-신일고-동국대,67263,4.71,47,0,0,4,7,0,9,0.364,456,1852,107.0,105,17,2,18,4,3,38,2,62,4,0,59,56,2,1.34,0.258,5
67266,1.0,박치국,두산,투수,1998-03-10,177,78,인천숭의초-인천신흥중-제물포고,67266,3.75,73,0,0,4,4,2,16,0.5,271,1045,62.333333333333336,58,15,0,4,5,1,21,1,57,0,0,35,26,4,1.27,0.245,0
67365,55.0,양지율,키움,투수,1998-12-16,185,103,서울청구초-홍은중-장충고,67365,8.36,18,0,0,0,2,0,1,0.0,69,268,14.0,18,1,2,3,0,0,7,0,10,1,0,13,13,0,1.79,0.305,0
67419,18.0,문용익,KT,투수,1995-02-04,178,93,덕양초-양천중-청원고-세계사이버대-삼성,67419,3.14,20,0,0,1,0,0,0,1.0,121,528,28.666666666666668,21,7,0,3,2,1,19,1,31,0,0,11,10,0,1.4,0.212,0
67539,43.0,나균안,롯데,투수,1998-03-16,186,109,무학초-창원신월중-용마고,67539,3.87,28,0,0,3,7,0,0,0.3,601,2328,137.33333333333334,143,23,3,13,7,5,50,0,116,3,0,67,59,0,1.41,0.268,9
67588,55.0,윤성빈,롯데,투수,1999-02-26,197,90,동일중앙초-경남중-부산고,67588,7.67,31,0,0,1,2,0,0,0.333,130,524,27.0,26,7,0,3,0,0,20,1,44,6,0,23,23,0,1.7,0.245,0
67640,50.0,유승철,KIA,투수,1998-03-02,184,87,순천북초-순천이수중-효천고,67640,4.5,1,0,0,0,0,0,0,0.0,11,40,2.0,3,0,0,0,0,0,2,0,3,1,0,1,1,0,2.5,0.333,0
67703,58.0,박상원,한화,투수,1994-09-09,187,98,백운초-서울이수중-휘문고-연세대,67703,4.19,74,0,0,4,3,0,16,0.571,294,1128,66.66666666666667,67,14,1,4,4,4,21,0,52,4,0,35,31,3,1.32,0.261,0
67828,8.0,김성민,키움,투수,1994-04-26,181,90,대구옥산초-경복중-대구상원고-일본경제대-SK-히어로즈,67828,4.68,29,0,0,0,3,0,1,0.0,113,397,25.0,25,3,3,1,2,1,13,1,18,0,0,15,13,1,1.52,0.272,0
67954,54.0,김진호,NC,투수,1998-06-07,183,90,의왕부곡초-성일중-광주동성고-NC-경찰,67954,3.36,76,0,0,4,3,6,20,0.571,316,1303,72.33333333333333,53,12,1,5,2,1,45,1,70,9,1,30,27,5,1.35,0.205,0
67956,15.0,김태현,NC,투수,1998-03-21,188,95,김해삼성초-내동중-김해고-NC-경찰,67956,12.0,5,0,0,0,0,0,1,0.0,17,69,3.0,5,1,0,2,0,0,3,0,2,1,0,4,4,0,2.67,0.417,0
67962,50.0,소이현,NC,투수,1999-02-09,185,93,서울이수초-서울이수중-서울디자인고,67962,5.63,7,0,0,0,0,0,0,0.0,36,140,8.0,5,1,0,0,1,1,7,0,3,2,0,5,5,0,1.5,0.192,0
68043,41.0,김민,SSG,투수,1999-04-14,185,88,인천숭의초-평촌중-유신고-KT-상무-KT,68043,2.97,70,0,0,5,2,1,22,0.714,266,944,63.666666666666664,60,7,0,7,4,0,17,2,65,4,0,23,21,4,1.21,0.251,0
68092,34.0,한두솔,SSG,투수,1997-01-15,177,86,광주수창초-진흥중-광주제일고-일본 오사카 리세이샤 전문대학-KT,68092,4.95,44,0,0,2,0,1,3,1.0,169,649,36.333333333333336,46,5,0,1,2,2,19,1,27,1,0,22,20,1,1.79,0.317,0
68159,34.0,성동현,LG,투수,1999-05-18,189,108,백마초-홍은중-장충고,68159,9.0,12,0,0,0,0,0,0,0.0,45,201,9.0,10,0,0,2,1,0,9,0,6,1,0,9,9,0,2.11,0.286,0
68200,19.0,김민규,두산,투수,1999-05-07,183,90,장평초(광진구리틀)-잠신중-휘문고-두산-상무,68200,4.66,7,0,0,1,1,0,0,0.5,47,199,9.666666666666666,9,3,0,1,0,4,6,0,6,0,0,5,5,0,1.55,0.273,0
68220,47.0,곽빈,두산,투수,1999-05-28,187,95,서울학동초-자양중-배명고,68220,4.2,19,0,0,5,7,0,0,0.417,465,1804,109.33333333333333,96,23,3,9,2,6,41,0,107,5,0,55,51,0,1.25,0.232,7
68242,65.0,정철원,롯데,투수,1999-03-27,192,95,역북초-송전중-안산공고-두산,68242,4.24,75,0,0,8,3,0,21,0.727,312,1169,70.0,72,13,1,4,3,5,28,2,55,5,0,34,33,6,1.43,0.268,0
68249,49.0,박신지,두산,투수,1999-07-16,185,75,목암초(의정부리틀)-영동중-경기고-두산-상무,68249,2.85,54,0,0,2,4,0,5,0.333,264,1008,60.0,55,15,3,3,2,3,29,6,36,8,0,24,19,1,1.4,0.244,0
68269,56.0,김호준,두산,투수,1998-05-17,180,82,원주일산초-성남성일중-안산공고,68269,6.75,19,0,0,0,1,0,1,0.0,54,218,10.666666666666666,14,3,0,2,0,0,7,1,7,1,0,11,8,1,1.97,0.298,0
68415,42.0,양창섭,삼성,투수,1999-09-22,182,85,녹천초(노원구리틀)-청량중-덕수고,68415,3.43,33,0,0,3,3,0,2,0.5,276,969,63.0,67,10,0,3,3,4,19,1,45,4,0,29,24,0,1.37,0.278,0
68419,56.0,최채흥,LG,투수,1995-01-22,186,97,동천초-포항중-대구상원고-한양대-삼성-상무-삼성,68419,5.28,13,0,0,0,1,0,2,0.0,132,507,29.0,35,6,2,3,0,1,14,0,21,2,0,17,17,0,1.69,0.302,0
68556,18.0,정성종,롯데,투수,1995-11-16,181,93,광주서석초-무등중-광주제일고-인하대-롯데-상무,68556,3.86,2,0,0,0,0,0,0,0.0,10,37,2.3333333333333335,3,1,0,1,0,0,0,0,0,0,0,1,1,0,1.29,0.3,0
68619,19.0,윤중현,KIA,투수,1995-04-25,180,84,광주서석초-무등중-광주제일고-성균관대,68619,4.35,13,0,0,1,0,0,0,1.0,48,159,10.333333333333334,10,4,0,2,1,0,7,2,7,1,0,5,5,0,1.65,0.25,0
68639,29.0,하준영,NC,투수,1999-09-06,182,79,서울이수초-성남중-성남고-KIA,68639,6.75,10,0,0,1,1,0,1,0.5,33,126,5.333333333333333,10,4,0,0,0,0,7,1,5,0,0,4,4,0,3.19,0.385,0
68830,30.0,김정우,두산,투수,1999-05-15,183,87,소래초-동산중-동산고-SK-상무-SSG,68830,3.86,18,0,0,0,0,1,1,0.0,103,396,21.0,26,4,0,1,3,2,9,0,13,1,0,12,9,0,1.67,0.302,0
68856,30.0,최민준,SSG,투수,1999-06-11,178,83,부산수영초-경남중-경남고-SK-상무-SK,68856,3.97,40,0,0,2,2,0,1,0.5,287,1172,65.66666666666667,72,7,0,6,7,4,24,0,44,3,0,34,29,0,1.46,0.289,0
68896,17.0,이채호,KT,투수,1998-11-23,185,85,동광초(김해시리틀)-원동중-용마고-SK-SSG,68896,6.17,10,0,0,0,0,0,0,0.0,53,195,11.666666666666666,12,3,2,1,1,3,5,1,8,0,0,8,8,0,1.46,0.286,0
68900,17.0,김영규,NC,투수,2000-02-10,188,86,광주서석초-무등중-광주제일고,68900,2.86,45,0,0,4,3,0,21,0.571,189,762,44.0,40,4,0,3,5,5,18,4,35,6,0,17,14,1,1.32,0.253,0
68902,18.0,신민혁,NC,투수,1999-02-04,184,95,염강초(강서구리틀)-매향중-야탑고,68902,4.77,28,1,0,6,3,0,0,0.667,568,2292,132.0,148,18,2,23,4,5,26,1,84,3,0,76,70,0,1.32,0.281,5
68928,61.0,김시훈,KIA,투수,1999-02-24,188,95,양덕초-마산동중-마산고-NC,68928,8.06,24,0,0,1,0,0,1,1.0,118,439,25.666666666666668,33,6,0,7,0,1,10,1,18,0,0,25,23,0,1.68,0.308,0
69032,,쿠에바스,KT,투수,1990-10-14,188,98,베네수엘라 Carabobo(대)-KT,69032,5.4,18,0,0,3,10,0,0,0.231,445,1663,98.33333333333333,104,14,2,13,4,2,46,0,60,4,1,69,59,0,1.53,0.268,7
69041,41.0,손동현,KT,투수,2001-01-23,183,88,염창초(강서구리틀)-덕수중-성남고-KT-상무,69041,3.84,58,0,0,5,0,1,13,1.0,257,938,58.666666666666664,66,16,1,6,4,1,12,3,55,4,0,30,25,2,1.33,0.278,0
69045,54.0,알칸타라,키움,투수,1992-12-04,193,100,도미니카 Liceo secundario Emma Balaguer(고)-KT-두산,69045,3.27,19,0,0,8,4,0,0,0.667,492,1796,121.0,125,20,3,11,6,3,10,0,92,3,0,50,44,0,1.12,0.267,14
69047,29.0,전용주,KT,투수,2000-02-12,188,87,양진초(안성시리틀)-성일중-안산공고,69047,3.95,21,0,0,0,1,0,4,0.0,66,257,13.666666666666666,18,4,0,0,0,1,7,1,11,3,0,8,6,0,1.83,0.31,0
69054,37.0,이상동,KT,투수,1995-11-24,181,88,대구옥산초-경복중-경북고-영남대,69054,2.49,41,0,0,3,0,0,5,1.0,168,656,43.333333333333336,31,6,0,4,2,2,9,1,34,1,0,12,12,1,0.92,0.203,0
69108,32.0,이지강,LG,투수,1999-07-02,183,85,수원선일초-수원북중-소래고,69108,5.32,43,0,0,1,2,3,4,0.333,211,883,47.333333333333336,50,9,2,4,0,1,24,0,39,1,1,29,28,1,1.56,0.27,0
69113,14.0,임준형,KT,투수,2000-11-16,180,87,광주서석초-진흥중-진흥고-LG-상무-LG,69113,5.19,10,0,0,0,0,0,0,0.0,42,179,8.666666666666666,11,1,0,0,1,0,7,0,6,1,0,7,5,0,2.08,0.333,0
69134,31.0,이정용,LG,투수,1996-03-26,185,83,영일초-성남중-성남고-동아대-LG-상무,69134,5.03,39,0,0,6,1,1,7,0.857,139,575,34.0,32,3,1,3,1,0,12,0,26,0,0,19,19,1,1.29,0.258,0
69159,18.0,정우영,LG,투수,1999-08-19,193,99,가평초-강남중-서울고,69159,20.25,4,0,0,0,0,0,0,0.0,13,56,2.6666666666666665,1,0,0,1,0,0,4,0,3,0,0,6,6,0,1.88,0.125,0
69205,7.0,이교훈,두산,투수,2000-05-29,181,83,구리초(남양주리틀)-청원중-서울고,69205,1.17,10,0,0,1,0,0,0,1.0,29,125,7.666666666666667,4,1,0,0,1,0,4,0,7,2,0,2,1,0,1.04,0.174,0
69213,49.0,윤산흠,한화,투수,1999-05-15,178,75,광주화정초-진흥중-영선고-두산-상무,69213,3.78,12,0,0,0,0,0,0,0.0,73,268,16.666666666666668,16,5,0,1,0,0,5,0,17,1,1,7,7,0,1.26,0.246,0
69328,0.0,박주성,키움,투수,2000-11-09,180,90,경동초(성동구리틀)-건대부중-경기고-키움-상무,69328,6.58,18,0,0,2,3,0,1,0.4,235,865,52.0,63,11,2,9,2,4,16,0,26,2,0,40,38,0,1.52,0.3,2
69360,20.0,조영건,키움,투수,1999-02-04,180,85,대전신흥초-충남중-백송고,69360,5.68,51,0,0,5,5,8,7,0.5,353,1330,77.66666666666667,84,18,1,12,2,4,38,0,47,5,0,51,49,2,1.57,0.275,0
69446,18.0,원태인,삼성,투수,2000-04-06,183,92,율하초(중구리틀)-경복중-경북고,69446,3.24,27,0,0,12,4,0,0,0.75,671,2493,166.66666666666666,157,32,2,20,11,6,27,1,108,1,0,66,60,0,1.1,0.253,20
69516,32.0,김현수,KIA,투수,2000-07-10,185,90,효제초-홍은중-장충고-롯데-KIA-상무,69516,2.45,18,0,0,0,0,0,0,0.0,86,309,18.333333333333332,17,3,1,2,1,1,13,5,11,2,0,5,5,0,1.64,0.243,0
69594,44.0,박진,롯데,투수,1999-04-02,182,106,부산대연초-부산중-부산고,69594,5.32,51,0,0,3,3,1,3,0.5,302,1172,69.33333333333333,76,10,3,10,1,4,22,0,50,5,0,42,41,1,1.41,0.277,0
69620,53.0,김기훈,KIA,투수,2000-01-03,184,93,광주수창초-무등중-광주동성고-KIA-상무,69620,3.25,24,0,0,1,1,0,0,0.5,117,464,27.666666666666668,25,8,1,2,1,3,10,0,27,2,0,11,10,0,1.27,0.245,0
69643,,홍원빈,KIA,투수,2000-10-16,195,101,안말초-강남중-덕수고-KIA,69643,27.0,2,0,0,0,0,0,0,0.0,11,36,1.6666666666666667,2,0,0,0,0,1,4,0,1,2,0,5,5,0,3.6,0.333,0
69745,60.0,김도현,KIA,투수,2000-09-15,183,87,길원초(동대문구리틀)-잠신중-신일고-한화,69745,4.81,24,0,0,4,7,0,0,0.364,561,2068,125.33333333333333,149,28,4,11,7,7,33,0,71,5,1,79,67,0,1.45,0.296,9
69969,57.0,전사민,NC,투수,1999-07-06,194,85,연서초(부산동래구리틀)-대신중-부산정보고-NC-상무,69969,4.26,74,0,0,7,7,2,13,0.5,370,1341,82.33333333333333,86,12,2,3,8,3,33,4,62,7,0,45,39,4,1.45,0.273,0
72523,35.0,고효준,두산,투수,1983-02-08,179,81,서원초-세광중-세광고-롯데-SK-KIA-롯데-LG-SSG,72523,6.86,45,0,0,2,1,0,9,0.667,104,441,21.0,29,2,1,4,2,1,14,1,19,4,0,16,16,3,2.05,0.337,0
73117,12.0,우규민,KT,투수,1985-01-21,184,75,성동초-휘문중-휘문고-LG-경찰-LG-삼성,73117,2.44,53,0,0,1,2,0,9,0.333,185,665,44.333333333333336,45,6,0,2,4,0,3,1,24,0,0,12,12,1,1.08,0.259,0
73211,38.0,노경은,SSG,투수,1984-03-11,187,100,화곡초-성남중-성남고-두산-롯데,73211,2.14,77,0,0,3,6,3,35,0.333,320,1177,80.0,60,10,0,2,9,4,25,5,68,3,0,22,19,6,1.06,0.215,0
73801,46.0,송은범,삼성,투수,1984-03-17,182,93,서흥초-동산중-동산고-SK-KIA-한화-LG,73801,4.5,5,0,0,0,0,0,0,0.0,28,93,6.0,9,2,0,0,1,0,3,0,2,3,0,3,3,0,2.0,0.375,0
75421,21.0,오승환,삼성,투수,1982-07-15,178,93,도신초-우신중-경기고-단국대-삼성-한신-세인트루이스-토론토-콜로라도,75421,8.0,12,0,0,0,0,0,0,0.0,45,173,9.0,15,5,0,1,0,1,3,0,7,1,0,8,8,0,2.0,0.366,0
75867,42.0,김진성,LG,투수,1985-03-07,186,90,인헌초-성남중-성남서고-SK-NC,75867,3.44,78,0,0,6,4,1,33,0.6,291,1235,70.66666666666667,61,7,3,7,2,7,24,1,63,1,0,28,27,7,1.2,0.236,0
76118,46.0,원종현,키움,투수,1987-07-31,182,88,군산중앙초-군산중-군산상고-LG-경찰-NC,76118,6.13,61,0,0,2,4,5,11,0.333,248,931,54.333333333333336,68,8,2,5,7,3,18,2,40,6,0,42,37,6,1.58,0.313,0
76225,43.0,김건국,KIA,투수,1988-02-02,183,86,한서초(서부리틀)-청량중-덕수고-두산-KT-롯데,76225,6.85,26,0,0,0,3,0,1,0.0,216,841,46.0,59,9,0,11,1,3,17,0,31,3,0,38,35,1,1.65,0.311,0
76430,24.0,김상수,롯데,투수,1988-01-02,180,88,신자초(자이언츠리틀)-자양중-신일고-(방송통신대)-삼성-상무-키움-SK-SSG,76430,6.38,45,0,0,0,1,2,3,0.0,180,644,36.666666666666664,48,10,0,4,2,4,18,2,27,1,0,26,26,0,1.8,0.314,0
76715,99.0,류현진,한화,투수,1987-03-25,190,113,창영초-동산중-동산고-(대전대)-한화-LA다저스-토론토,76715,3.23,26,0,0,9,7,0,0,0.563,574,2268,139.33333333333334,144,22,3,12,5,0,25,2,122,2,0,54,50,0,1.21,0.267,12
77211,45.0,이용찬,NC,투수,1989-01-02,185,85,신원초-양천중-장충고-두산-상무-두산,77211,10.57,12,0,0,1,2,0,1,0.333,83,334,15.333333333333334,23,4,0,1,0,1,12,1,14,2,0,18,18,1,2.28,0.348,0
77263,37.0,김강률,LG,투수,1988-08-28,187,95,문촌초(일산리틀)-장성중-경기고-두산-상무-두산,77263,1.46,12,0,0,1,0,1,4,1.0,51,182,12.333333333333334,7,1,0,0,0,0,8,0,9,0,0,2,2,0,1.22,0.167,0
77446,29.0,백정현,삼성,투수,1987-07-13,184,80,대구옥산초-대구중-대구상원고,77446,1.95,29,0,0,2,0,1,3,1.0,128,505,32.333333333333336,19,6,0,1,2,2,7,0,31,0,0,7,7,2,0.8,0.165,0
77637,54.0,양현종,KIA,투수,1988-03-01,183,91,학강초-광주동성중-광주동성고-KIA-텍사스,77637,5.06,30,0,0,7,9,0,0,0.438,677,2497,153.0,171,23,4,12,8,8,57,1,109,10,0,101,86,0,1.49,0.285,11
77829,29.0,김광현,SSG,투수,1988-07-22,188,88,덕성초(안산리틀)-안산중앙중-안산공고-SK-세인트루이스,77829,5.0,28,0,0,10,10,0,0,0.5,636,2453,144.0,164,28,1,13,5,3,50,1,138,6,0,86,80,0,1.49,0.286,9
78352,45.0,임창민,삼성,투수,1985-08-25,183,94,광주대성초-광주동성중-광주동성고-연세대-히어로즈-경찰-히어로즈-NC-두산,78352,4.85,16,0,0,1,0,0,2,1.0,63,263,13.0,17,2,0,5,1,1,7,1,6,0,0,8,7,1,1.85,0.321,0
79140,16.0,최동환,KT,투수,1989-09-19,184,83,인헌초-선린중-경동고-LG,79140,8.68,20,0,0,1,1,0,0,0.5,91,326,18.666666666666668,27,5,1,4,0,1,12,2,9,0,0,19,18,0,2.09,0.351,0
