player_id,uniform_number,name,team,position,birth_day,height,weight,school,player_id,타율,경기,타석,타수,득점,안타,2루타,3루타,홈런,루타,타점,도루,도루실패,희생번트,희생플라이,볼넷,고의4구,사구,삼진,병살타,장타율,출루율,실책,도루성공률,멀티히트,출루율+장타율,득점권타율,대타타율
50054,59.0,천성호,LG,내야수,1997-10-30,183.0,85.0,광주화정초-충장중-진흥고-단국대-KT-상무-KT,50054,0.237,83,199,173,24,41,9,2,1,57,17,3,1,4,0,17,0,5,29,2,0.329,0.323,4,75.0,8,0.652,0.25,0.154
50066,55.0,강현우,KT,포수,2001-04-13,180.0,90.0,원종초(부천시리틀)-부천중-유신고,50066,0.188,40,78,64,5,12,1,0,1,16,8,0,0,3,1,10,0,0,14,1,0.25,0.293,4,0.0,2,0.543,0.235,0.364
50092,35.0,윤준혁,KT,내야수,2001-07-26,186.0,86.0,역촌초(은평구리틀)-충암중-충암고,50092,0.059,28,18,17,4,1,1,0,0,2,0,1,0,1,0,0,0,0,5,0,0.118,0.059,0,100.0,0,0.177,0.0,0.0
50108,24.0,함창건,LG,외야수,2001-08-18,176.0,83.0,백운초-충암중-충암고,50108,0.188,15,36,32,2,6,2,0,0,8,2,0,0,0,1,3,0,0,9,1,0.25,0.25,0,0.0,1,0.5,0.1,0.2
50150,33.0,손호영,롯데,내야수,1994-08-23,182.0,88.0,의왕부곡초-평촌중-충훈고-LG,50150,0.25,97,375,328,39,82,12,0,4,106,41,7,0,11,4,22,0,10,66,9,0.323,0.313,17,100.0,24,0.636,0.321,0.0
50167,2.0,이주형,키움,외야수,2001-04-02,181.0,80.0,송수초(해운대리틀)-센텀중-경남고-LG,50167,0.24,127,514,446,55,107,22,1,11,164,45,15,1,3,0,37,2,28,115,7,0.368,0.337,1,93.8,28,0.705,0.257,0.222
50204,37.0,박지훈,두산,내야수,2000-09-07,183.0,80.0,김해삼성초-경남중-마산고,50204,0.417,37,55,48,11,20,4,0,1,27,8,1,0,1,0,5,0,1,12,1,0.563,0.481,2,100.0,4,1.044,0.571,0.667
50208,6.0,오명진,두산,내야수,2001-09-04,179.0,79.0,대전신흥초-한밭중-세광고,50208,0.263,107,371,331,38,87,14,4,4,121,41,5,3,7,3,27,1,3,94,3,0.366,0.321,10,62.5,22,0.687,0.235,0.25
50304,23.0,김병휘,키움,내야수,2001-02-16,177.0,79.0,효제초-홍은중-장충고,50304,0.25,7,6,4,2,1,0,0,0,1,0,0,0,0,0,2,0,0,1,0,0.25,0.5,0,0.0,0,0.75,0.0,0.0
50357,57.0,박주홍,키움,외야수,2001-04-16,187.0,87.0,자양초(하남시리틀)-건대부중-장충고,50357,0.226,102,283,248,33,56,11,3,3,82,23,11,1,2,2,30,0,1,72,5,0.331,0.31,3,91.7,12,0.641,0.219,0.182
50458,58.0,김지찬,삼성,외야수,2001-03-08,163.0,64.0,백사초(이천시리틀)-모가중-라온고,50458,0.281,90,373,317,59,89,9,2,0,102,23,22,3,10,3,38,0,5,44,7,0.322,0.364,1,88.0,24,0.686,0.286,0.0
50500,0.0,황성빈,롯데,외야수,1997-12-19,172.0,76.0,관산초-안산중앙중-소래고-경남대,50500,0.256,79,273,246,43,63,4,4,1,78,22,25,4,3,2,18,0,4,46,3,0.317,0.315,3,86.2,19,0.632,0.213,0.0
50608,54.0,이인한,롯데,외야수,1998-12-24,183.0,95.0,광주대성초-심석중-강릉고-강릉영동대,50608,0.0,4,0,0,0,0,0,0,0,0,0,0,0,0,0,0,0,0,0,0,0.0,0.0,0,0.0,0,0.0,0.0,0.0
50657,2.0,박민,KIA,내야수,2001-06-05,184.0,84.0,갈산초-성남중-야탑고-KIA-상무,50657,0.202,71,105,94,11,19,5,0,1,27,6,1,0,3,0,5,0,3,33,1,0.287,0.265,3,100.0,4,0.552,0.211,0.25
50704,24.0,임종찬,한화,외야수,2001-09-28,184.0,85.0,청주우암초-청주중-북일고,50704,0.167,17,35,30,2,5,1,0,1,9,2,2,0,0,0,5,0,0,13,0,0.3,0.286,1,100.0,1,0.586,0.2,0.0
50707,41.0,최인호,한화,외야수,2000-01-30,178.0,82.0,송정동초-광주동성중-포항제철고-한화-상무,50707,0.259,78,159,139,7,36,9,0,2,51,19,1,0,1,1,13,0,5,29,5,0.367,0.342,0,100.0,6,0.709,0.3,0.308
50709,63.0,박정현,한화,내야수,2001-07-27,183.0,83.0,부천북초-부천중-유신고-한화-상무,50709,0.0,2,2,2,0,0,0,0,0,0,0,0,0,0,0,0,0,0,1,0,0.0,0.0,0,0.0,0,0.0,0.0,0.0
50840,8.0,현원회,SSG,내야수,2001-07-08,180.0,95.0,가동초-경상중-대구고-SK,50840,0.305,21,62,59,6,18,1,0,1,22,6,0,0,0,0,3,0,0,16,3,0.373,0.339,0,0.0,4,0.712,0.235,0.5
50854,54.0,최지훈,SSG,외야수,1997-07-23,178.0,82.0,광주수창초-무등중-광주제일고-동국대-SK,50854,0.284,140,574,517,66,147,16,4,7,192,45,28,7,4,5,43,2,5,87,2,0.371,0.342,5,80.0,37,0.713,0.28,0.286
50868,45.0,류효승,SSG,외야수,1996-07-16,190.0,100.0,칠성초-경상중-대구상원고-성균관대-SK,50868,0.287,27,103,94,18,27,5,0,6,50,16,0,1,0,0,7,0,2,28,1,0.532,0.35,0,0.0,7,0.882,0.273,0.5
50901,38.0,안인산,NC,내야수,2001-02-27,181.0,95.0,군포오금초(안양시리틀)-평촌중-야탑고,50901,0.0,4,7,6,0,0,0,0,0,0,1,0,0,0,1,0,0,0,3,0,0.0,0.0,0,0.0,0,0.0,0.0,0.0
50902,68.0,김한별,NC,내야수,2001-01-18,177.0,85.0,효제초-선린중-배재고,50902,0.313,76,72,64,14,20,2,0,0,22,5,1,0,2,0,3,0,3,5,2,0.344,0.371,2,100.0,3,0.715,0.429,0.0
50906,39.0,박영빈,NC,외야수,1997-07-16,182.0,88.0,호원초(의정부리틀)-청량중-충암고-경희대,50906,0.25,16,5,4,8,1,0,0,0,1,1,4,2,0,0,1,0,0,2,0,0.25,0.4,0,66.7,0,0.65,1.0,0.0
50996,53.0,박시원,NC,외야수,2001-05-30,185.0,85.0,광주서림초-광주동성중-광주제일고,50996,0.204,52,60,54,12,11,2,0,1,16,4,1,0,1,0,5,0,0,18,1,0.296,0.271,0,100.0,0,0.567,0.25,0.375
51003,52.0,권동진,KT,내야수,1998-09-12,178.0,83.0,제주신광초-세광중-세광고-원광대-KT-상무,51003,0.225,123,309,271,34,61,12,3,1,82,25,3,1,6,1,30,0,1,91,8,0.303,0.304,15,75.0,12,0.607,0.27,0.5
51005,0.0,김건형,KT,외야수,1996-07-12,182.0,83.0,먼우금초-Lesbois(중)-Timberline(고)-Boise State(대),51005,0.0,2,1,1,0,0,0,0,0,0,0,0,0,0,0,0,0,0,0,0,0.0,0.0,0,0.0,0,0.0,0.0,0.0
51007,31.0,최성민,KT,외야수,2002-07-05,179.0,84.0,송정동초-무등중-광주동성고,51007,0.105,32,21,19,3,2,0,0,0,2,2,1,0,1,0,1,0,0,5,0,0.105,0.15,1,100.0,0,0.255,0.5,0.0
51013,67.0,유준규,KT,외야수,2002-08-16,176.0,69.0,군산신풍초-군산중-군산상고,51013,0.118,35,41,34,13,4,2,0,0,6,3,2,1,0,0,7,0,0,13,0,0.176,0.268,0,66.7,0,0.444,0.111,0.0
51100,7.0,이영빈,LG,내야수,2002-06-17,182.0,82.0,대전동산초(대전중구리틀)-충남중-세광고-LG-상무,51100,0.208,44,75,72,12,15,1,1,3,27,9,1,0,1,1,1,0,0,35,1,0.375,0.216,0,100.0,1,0.591,0.238,0.0
51203,62.0,안재석,두산,내야수,2002-02-15,185.0,75.0,성내초(강동구리틀)-배재중-서울고,51203,0.319,35,147,135,25,43,16,1,4,73,20,2,1,1,0,11,1,0,27,3,0.541,0.37,1,66.7,15,0.911,0.5,0.0
51269,60.0,강현구,두산,외야수,2002-06-16,186.0,98.0,서울도림초(인천남동구리틀)-동산중-인천고,51269,0.0,1,2,2,0,0,0,0,0,0,0,0,0,0,0,0,0,0,1,0,0.0,0.0,0,0.0,0,0.0,0.0,0.0
51298,15.0,박성재,두산,포수,2002-11-18,186.0,98.0,가산초-개성중-부산고-두산-상무,51298,0.0,6,7,7,0,0,0,0,0,0,0,0,0,0,0,0,0,0,5,0,0.0,0.0,0,0.0,0,0.0,0.0,0.0
51302,58.0,이주형,키움,내야수,2002-07-05,183.0,105.0,이매초-매송중-야탑고-키움-상무,51302,0.313,11,17,16,2,5,0,0,0,5,2,0,0,0,0,1,0,0,7,0,0.313,0.353,0,0.0,1,0.666,0.6,0.143
51344,44.0,김휘집,NC,내야수,2002-01-01,180.0,92.0,양목초(히어로즈리틀)-대치중-신일고-키움,51344,0.249,142,500,429,64,107,18,2,17,180,56,10,2,2,2,40,0,27,89,9,0.42,0.349,19,83.3,29,0.769,0.242,0.333
51359,,장재영,키움,외야수,2002-05-10,187.0,83.0,갈산초-서울신월중-덕수고-키움-상무,51359,0.143,10,16,14,1,2,0,0,0,2,2,1,0,0,0,2,0,0,7,0,0.143,0.25,1,100.0,0,0.393,0.333,0.0
51407,50.0,이창용,삼성,내야수,1999-06-03,184.0,89.0,을지초(노원구리틀)-청량중-신흥고-강릉영동대,51407,0.2,11,17,15,2,3,1,0,1,7,2,1,0,0,0,2,0,0,8,0,0.467,0.294,1,100.0,0,0.761,0.167,0.0
51528,28.0,손성빈,롯데,포수,2002-01-14,186.0,92.0,희망대초-경기신흥중-장안고-롯데-상무,51528,0.145,51,69,62,6,9,0,0,1,12,3,0,0,2,0,4,0,1,20,1,0.194,0.209,1,0.0,0,0.403,0.125,0.0
51551,51.0,나승엽,롯데,내야수,2002-02-15,190.0,82.0,남정초-선린중-덕수고-롯데-상무,51551,0.229,105,392,328,40,75,12,2,9,118,44,0,0,3,1,55,2,5,65,10,0.36,0.347,8,0.0,13,0.707,0.275,0.571
51762,32.0,장규현,한화,포수,2002-06-28,183.0,96.0,인성초(미추홀구리틀)-동인천중-인천고-한화-상무,51762,1.0,2,2,1,1,1,0,0,0,1,0,0,0,0,0,1,0,0,0,0,1.0,1.0,0,0.0,0,2.0,0.0,0.0
51865,20.0,조형우,SSG,포수,2002-04-04,187.0,95.0,송정동초-무등중-광주제일고-SK,51865,0.238,102,294,269,23,64,8,0,4,84,29,0,0,1,2,19,0,3,64,5,0.312,0.294,4,0.0,13,0.606,0.244,0.0
51868,18.0,고명준,SSG,내야수,2002-07-08,185.0,94.0,서원초-세광중-세광고-SK,51868,0.278,130,500,471,46,131,20,1,17,204,64,2,0,0,7,20,1,2,99,12,0.433,0.306,3,100.0,43,0.739,0.235,0.0
51903,42.0,김정호,NC,포수,1998-07-13,172.0,84.0,대구옥산초-경복중-포항제철고-성균관대,51903,0.444,8,11,9,3,4,0,0,0,4,0,0,0,1,0,0,0,1,4,0,0.444,0.5,0,0.0,1,0.944,0.0,0.0
51907,7.0,김주원,NC,내야수,2002-07-30,185.0,83.0,삼일초(군포시리틀)-안산중앙중-유신고,51907,0.289,144,624,539,98,156,26,8,15,243,65,44,11,4,2,63,1,16,111,8,0.451,0.379,29,80.0,40,0.83,0.306,0.333
51996,6.0,오태양,NC,내야수,2002-04-25,180.0,78.0,방배초-대치중-청원고-NC-상무,51996,0.25,14,13,12,6,3,0,0,0,3,1,2,1,0,0,1,0,0,3,0,0.25,0.308,1,66.7,0,0.558,0.75,0.0
52001,23.0,안현민,KT,외야수,2003-08-22,183.0,90.0,임호초(김해리틀)-개성중-마산고,52001,0.334,112,482,395,72,132,19,4,22,225,80,7,1,0,3,75,5,9,72,4,0.57,0.448,8,87.5,38,1.018,0.333,0.0
52002,57.0,김병준,KT,외야수,2003-07-03,175.0,80.0,창촌초(안산리틀)-안산중앙중-유신고,52002,0.2,9,5,5,2,1,0,0,0,1,0,0,0,0,0,0,0,0,2,0,0.2,0.2,0,0.0,0,0.4,0.0,0.0
52103,3.0,최원영,LG,외야수,2003-07-18,174.0,76.0,부산수영초-사직중-부산고,52103,0.282,119,115,103,37,29,5,0,0,34,2,8,4,3,1,4,0,4,20,4,0.33,0.33,1,66.7,2,0.66,0.174,0.667
52105,44.0,김성우,LG,포수,2003-11-15,180.0,85.0,성동초-건대부중-배재고,52105,0.2,7,5,5,0,1,0,0,0,1,1,0,0,0,0,0,0,0,1,0,0.2,0.2,0,0.0,0,0.4,0.333,0.0
52121,53.0,문정빈,LG,내야수,2003-08-15,186.0,90.0,가동초-잠신중-서울고,52121,0.167,21,33,30,5,5,0,0,2,11,4,0,0,0,0,1,0,2,11,0,0.367,0.242,0,0.0,1,0.609,0.1,0.333
52154,26.0,이주헌,LG,포수,2003-03-04,185.0,92.0,서울이수초-성남중-성남고,52154,0.219,76,156,128,22,28,3,0,4,43,9,0,0,2,0,18,0,8,30,2,0.336,0.351,4,0.0,5,0.687,0.111,0.25
52208,96.0,천현재,두산,외야수,1999-07-05,183.0,90.0,연제초(부산남구리틀)-신정중-부경고-성균관대,52208,0.0,3,3,3,0,0,0,0,0,0,0,0,0,0,0,0,0,0,0,1,0.0,0.0,0,0.0,0,0.0,0.0,0.0
52267,48.0,김동준,두산,내야수,2002-09-04,193.0,100.0,군산신풍초-군산중-군산상고,52267,0.237,36,100,93,8,22,3,0,2,31,10,1,1,1,0,5,0,1,30,2,0.333,0.283,1,50.0,3,0.616,0.259,0.333
52305,14.0,박수종,키움,외야수,1999-02-25,178.0,82.0,도신초-강남중-충암고-경성대,52305,0.143,38,45,42,6,6,0,0,1,9,2,1,0,0,0,3,0,0,12,0,0.214,0.2,1,100.0,2,0.414,0.083,0.0
52366,,푸이그,키움,외야수,1990-12-07,188.0,108.0,쿠바 EIEFD(대)-키움,52366,0.212,40,172,156,17,33,2,0,6,53,20,0,0,0,0,12,0,4,38,1,0.34,0.285,2,0.0,9,0.625,0.256,0.0
52415,7.0,이재현,삼성,내야수,2003-02-04,180.0,82.0,서울이수초-선린중-서울고,52415,0.254,139,555,457,82,116,29,1,16,195,67,6,1,10,8,69,1,11,119,8,0.427,0.36,23,85.7,29,0.787,0.256,0.333
52424,8.0,김재혁,삼성,외야수,1999-12-26,182.0,85.0,제주남초-제주제일중-제주고-동아대-삼성-상무,52424,0.0,8,4,3,2,0,0,0,0,0,0,0,0,0,0,1,0,0,2,0,0.0,0.25,0,0.0,0,0.25,0.0,0.0
52430,30.0,김영웅,삼성,내야수,2003-08-24,183.0,81.0,공주중동초-야로중-물금고,52430,0.249,125,499,446,66,111,22,2,22,203,72,6,2,0,3,48,3,2,143,6,0.455,0.323,11,75.0,25,0.778,0.268,0.0
52504,50.0,김동혁,롯데,외야수,2000-09-15,177.0,77.0,서화초-상인천중-제물포고-강릉영동대,52504,0.225,93,114,89,19,20,4,1,0,26,6,13,4,4,0,18,0,3,26,3,0.292,0.373,0,76.5,4,0.665,0.235,0.0
52516,5.0,조세진,롯데,외야수,2003-11-21,181.0,86.0,장안초(성남중원구리틀)-선린중-서울고-롯데-상무,52516,0.143,12,9,7,1,1,0,0,0,1,0,0,0,0,0,2,0,0,4,0,0.143,0.333,0,0.0,0,0.476,0.0,0.0
52568,6.0,한태양,롯데,내야수,2003-09-15,181.0,76.0,역삼초-언북중-덕수고-롯데-상무,52568,0.274,108,267,230,42,63,14,2,2,87,22,3,2,3,0,32,0,2,69,3,0.378,0.367,7,60.0,11,0.745,0.274,0.167
52591,91.0,윤동희,롯데,외야수,2003-09-18,187.0,85.0,현산초-대원중-야탑고,52591,0.282,97,399,330,54,93,21,1,9,143,53,4,2,3,6,49,2,11,65,12,0.433,0.386,3,66.7,26,0.819,0.292,0.5
52605,5.0,김도영,KIA,내야수,2003-10-02,183.0,85.0,광주대성초-광주동성중-광주동성고,52605,0.309,30,122,110,20,34,9,0,7,64,27,3,0,0,2,10,1,0,23,3,0.582,0.361,5,100.0,10,0.943,0.294,1.0
52667,9.0,윤도현,KIA,내야수,2003-05-07,181.0,84.0,광주화정초-무등중-광주제일고,52667,0.275,40,160,149,24,41,7,2,6,70,17,2,1,2,0,8,0,1,36,1,0.47,0.316,9,66.7,12,0.786,0.296,0.0
52704,9.0,이상혁,한화,외야수,2001-09-14,174.0,65.0,수원영화초(군포시리틀)-수원북중-장안고-강릉영동대,52704,0.2,39,12,10,14,2,1,0,0,3,2,3,4,1,0,0,0,1,3,0,0.3,0.273,0,42.9,0,0.573,0.25,0.0
52764,59.0,허인서,한화,포수,2003-07-11,182.0,93.0,순천북초-여수중-효천고-한화-상무,52764,0.172,20,30,29,2,5,1,0,0,6,2,0,0,0,0,0,0,1,12,1,0.207,0.2,1,0.0,0,0.407,0.182,0.333
52769,17.0,권광민,한화,내야수,1997-12-12,189.0,102.0,서울청구초-홍은중-장충고,52769,0.167,15,18,18,2,3,1,0,0,4,0,0,0,0,0,0,0,0,5,1,0.222,0.167,0,0.0,0,0.389,0.0,0.25
52803,36.0,김태윤,SSG,내야수,2003-02-28,170.0,65.0,창우초(하남시리틀)-배명중-배명고,52803,0.5,8,4,2,0,1,0,0,0,1,0,1,1,0,0,2,0,0,0,0,0.5,0.75,0,50.0,0,1.25,0.0,1.0
52804,52.0,석정우,SSG,내야수,1999-01-20,180.0,82.0,동일중앙초-경남중-경남고-연세대,52804,0.265,27,54,49,3,13,1,0,2,20,4,0,0,0,0,4,0,1,18,1,0.408,0.333,4,0.0,0,0.741,0.3,0.0
52807,68.0,임근우,SSG,외야수,1999-07-22,180.0,88.0,서울도곡초-휘문중-휘문고-홍익대,52807,0.0,3,5,5,0,0,0,0,0,0,0,0,0,0,0,0,0,0,1,0,0.0,0.0,0,0.0,0,0.0,0.0,0.0
53123,23.0,오스틴,LG,내야수,1993-10-14,183.0,97.0,미국 Klein Collins(고),53123,0.313,116,499,425,82,133,25,1,31,253,95,3,0,0,11,61,7,2,62,11,0.595,0.393,8,100.0,38,0.988,0.292,0.0
53204,26.0,박민준,두산,포수,2002-10-21,183.0,95.0,아라초-마산동중-용마고-동강대,53204,0.0,7,2,2,0,0,0,0,0,0,0,0,0,0,0,0,0,0,1,0,0.0,0.0,0,0.0,0,0.0,0.0,0.0
53302,,이승원,키움,내야수,2004-07-02,185.0,75.0,도봉초(노원구리틀)-상명중-덕수고-키움-상무,53302,0.0,1,2,2,0,0,0,0,0,0,0,0,0,0,0,0,0,0,0,0,0.0,0.0,1,0.0,0,0.0,0.0,0.0
53309,98.0,서유신,키움,내야수,2000-08-17,176.0,76.0,광주수창초-충장중-화순고-원광대,53309,0.0,6,8,7,0,0,0,0,0,0,0,0,0,0,0,1,0,0,4,0,0.0,0.125,1,0.0,0,0.125,0.0,0.0
53312,12.0,김건희,키움,포수,2004-11-07,186.0,96.0,대전신흥초-온양중-원주고,53312,0.242,105,344,322,24,78,20,2,3,111,25,2,1,7,2,13,0,0,102,10,0.345,0.27,5,66.7,19,0.615,0.224,0.2
53344,47.0,김동헌,키움,포수,2004-07-15,182.0,91.0,영문초(영등포구리틀)-충암중-충암고,53344,0.268,49,91,82,8,22,3,0,0,25,8,0,0,0,1,7,0,1,23,0,0.305,0.33,1,0.0,3,0.635,0.292,0.6
53411,67.0,박진우,삼성,포수,2003-10-14,176.0,87.0,글꽃초(대전중구리틀)-현도중-청주고,53411,0.0,1,1,1,0,0,0,0,0,0,0,0,0,0,0,0,0,0,0,0,0.0,0.0,0,0.0,0,0.0,0.0,0.0
53554,2.0,김민석,두산,외야수,2004-05-09,185.0,83.0,신도초-휘문중-휘문고-롯데,53554,0.228,95,247,228,21,52,7,3,1,68,21,3,2,2,3,12,1,2,62,3,0.298,0.269,6,60.0,12,0.567,0.254,0.118
53659,64.0,정해원,KIA,내야수,2004-05-21,185.0,87.0,제주신광초-덕수중-휘문고,53659,0.075,24,46,40,5,3,0,0,0,3,0,0,0,0,0,5,0,1,14,4,0.075,0.196,1,0.0,0,0.271,0.091,0.167
53764,51.0,문현빈,한화,내야수,2004-04-20,174.0,82.0,대전유천초-온양중-북일고,53764,0.32,141,592,528,71,169,30,2,12,239,80,17,6,5,11,38,2,10,82,11,0.453,0.37,3,73.9,53,0.823,0.319,0.25
53827,27.0,에레디아,SSG,외야수,1991-01-31,178.0,88.0,쿠바 Eide Luis Agusto Tursios Lima,53827,0.339,96,415,375,46,127,18,0,13,184,54,1,2,0,2,31,4,7,62,9,0.491,0.398,2,33.3,36,0.889,0.366,0.0
53992,,박한결,NC,외야수,2004-04-26,181.0,90.0,본리초-경복중-경북고-NC-상무,53992,0.118,8,19,17,2,2,0,0,2,8,3,0,0,0,0,2,0,0,8,0,0.471,0.211,0,0.0,0,0.682,0.25,0.0
54097,97.0,김민석,KT,포수,2005-07-22,181.0,93.0,창영초-동인천중-제물포고,54097,0.0,2,0,0,0,0,0,0,0,0,0,0,0,0,0,0,0,0,0,0,0.0,0.0,0,0.0,0,0.0,0.0,0.0
54156,52.0,손용준,LG,내야수,2000-02-15,178.0,85.0,김해화정초(김해리틀)-내동중-김해고-동원과학기술대,54156,0.2,9,16,15,3,3,0,0,0,3,1,1,0,0,0,0,0,1,5,2,0.2,0.25,1,100.0,0,0.45,0.25,0.0
54166,66.0,김현종,LG,외야수,2004-08-04,186.0,85.0,상인천초-동인천중-인천고,54166,0.4,10,6,5,3,2,1,0,0,3,0,0,0,0,0,1,0,0,1,1,0.6,0.5,0,0.0,0,1.1,0.0,0.5
54205,5.0,여동건,두산,내야수,2005-08-04,175.0,75.0,가동초-자양중-서울고,54205,0.105,19,21,19,6,2,0,0,0,2,2,0,1,0,0,2,0,0,2,1,0.105,0.19,1,0.0,0,0.295,0.333,0.333
54214,9.0,전다민,두산,외야수,2001-08-21,177.0,75.0,길동초-청원중-설악고-강릉영동대,54214,0.083,22,12,12,5,1,0,0,0,1,0,3,0,0,0,0,0,0,0,1,0.083,0.083,1,100.0,0,0.166,0.5,0.0
54219,11.0,류현준,두산,포수,2005-03-25,182.0,92.0,문정초(송파구리틀)-배재중-장충고,54219,0.136,17,22,22,2,3,0,0,0,3,1,0,0,0,0,0,0,0,6,1,0.136,0.136,1,0.0,0,0.272,0.143,0.25
54236,3.0,임종성,두산,내야수,2005-03-03,183.0,90.0,본리초-대구중-경북고,54236,0.277,33,89,83,7,23,4,0,2,33,11,1,0,1,1,3,0,1,26,1,0.398,0.307,2,100.0,4,0.705,0.333,1.0
54305,5.0,이재상,키움,내야수,2005-04-17,183.0,85.0,갈산초-성남중-성남고,54305,0.5,2,2,2,0,1,0,0,0,1,0,0,0,0,0,0,0,0,1,0,0.5,0.5,1,0.0,0,1.0,0.0,0.0
54307,33.0,원성준,키움,외야수,2000-03-31,181.0,80.0,고명초-서울이수중-경기고-성균관대,54307,0.174,24,53,46,5,8,1,0,2,15,4,0,0,0,0,7,0,0,18,1,0.326,0.283,0,0.0,3,0.609,0.333,0.2
54344,44.0,고영우,키움,내야수,2001-06-21,173.0,80.0,부산대연초(사상구리틀)-대동중-경남고-성균관대,54344,0.217,14,26,23,4,5,1,0,0,6,2,0,0,1,0,2,0,0,6,2,0.261,0.28,2,0.0,1,0.541,0.3,0.0
54394,86.0,송지후,키움,내야수,2005-01-08,175.0,74.0,광주수창초-진흥중-광주제일고,54394,0.175,33,86,80,5,14,3,0,1,20,8,0,1,0,1,3,0,2,18,3,0.25,0.221,2,0.0,3,0.471,0.154,0.0
54400,0.0,디아즈,삼성,내야수,1996-11-19,188.0,105.0,도미니카 Daniel Smith(고) ,54400,0.314,144,628,551,93,173,32,0,50,355,158,1,0,0,11,60,10,6,100,15,0.644,0.381,4,100.0,50,1.025,0.352,1.0
54408,68.0,양도근,삼성,내야수,2003-02-06,173.0,72.0,인천동막초-상인천중-장안고-강릉영동대,54408,0.259,116,198,166,23,43,5,0,0,48,16,5,1,11,1,18,0,2,41,3,0.289,0.337,5,83.3,12,0.626,0.22,0.286
54444,4.0,카디네스,키움,외야수,1997-10-10,185.0,93.0,미국 California State(대)-삼성,54444,0.253,86,361,320,33,81,15,1,7,119,42,1,2,0,3,32,2,6,67,7,0.372,0.33,4,33.3,21,0.702,0.284,0.0
54460,,김호진,삼성,내야수,2005-07-16,183.0,84.0,송정동초-충장중-진흥고-삼성-상무,54460,0.0,1,0,0,0,0,0,0,0,0,0,0,0,0,0,0,0,0,0,0,0.0,0.0,0,0.0,0,0.0,0.0,0.0
54506,39.0,강승구,롯데,포수,2003-10-19,180.0,83.0,동막초-상인천중-제물포고-강릉영동대,54506,0.0,1,1,1,0,0,0,0,0,0,0,0,0,0,0,0,0,0,0,0,0.0,0.0,0,0.0,0,0.0,0.0,0.0
54529,29.0,레이예스,롯데,외야수,1994-10-05,196.0,87.0,베네수엘라 Dr Felipe Guevara(고),54529,0.326,144,643,573,75,187,44,1,13,272,107,7,1,0,9,58,17,3,66,25,0.475,0.386,2,87.5,60,0.861,0.375,0.0
54567,,강성우,롯데,내야수,2005-04-12,182.0,77.0,대전유천초-한밭중-청주고-롯데-상무,54567,0.0,1,0,0,0,0,0,0,0,0,0,0,1,0,0,0,0,0,0,0,0.0,0.0,0,0.0,0,0.0,0.0,0.0
54598,30.0,이호준,롯데,내야수,2004-03-20,172.0,72.0,대구옥산초-대구경운중-대구상원고,54598,0.242,99,153,132,20,32,7,4,3,56,23,1,0,3,1,14,0,3,33,3,0.424,0.327,10,100.0,6,0.751,0.313,0.0
54795,95.0,황영묵,한화,내야수,1999-10-16,177.0,80.0,수진초-성일중-충훈고,54795,0.273,117,286,260,40,71,17,1,1,93,22,1,3,2,1,20,0,2,37,4,0.358,0.329,6,25.0,18,0.687,0.3,0.455
54805,1.0,박지환,SSG,내야수,2005-07-12,183.0,75.0,군산남초-군산중-세광고,54805,0.15,31,68,60,3,9,0,0,0,9,4,0,1,3,1,4,0,0,19,1,0.15,0.2,5,0.0,1,0.35,0.176,0.0
54806,9.0,이승민,SSG,외야수,2005-01-06,187.0,90.0,서울도곡초-휘문중-휘문고,54806,0.2,2,5,5,0,1,0,0,0,1,0,0,0,0,0,0,0,0,2,0,0.2,0.2,0,0.0,0,0.4,0.0,1.0
54812,3.0,정준재,SSG,내야수,2003-01-03,165.0,68.0,상인천초-동인천중-강릉고-동국대(얼리 드래프트),54812,0.245,132,442,371,58,91,10,3,0,107,25,37,8,16,1,51,0,3,93,4,0.288,0.34,9,82.2,21,0.628,0.276,0.267
54815,,정현승,SSG,외야수,2001-10-24,180.0,80.0,현산초-부천중-덕수고-인하대-SSG-상무,54815,0.5,3,2,2,0,1,1,0,0,2,0,0,0,0,0,0,0,0,0,0,1.0,0.5,0,0.0,0,1.5,0.0,0.0
54908,60.0,고승완,NC,외야수,2001-03-15,178.0,81.0,광주대성초-무등중-광주동성고-연세대,54908,0.2,17,11,10,5,2,0,0,0,2,0,2,1,0,0,1,0,0,5,0,0.2,0.273,0,66.7,0,0.473,0.0,0.333
54944,24.0,데이비슨,NC,내야수,1991-03-26,190.0,104.0,미국 Yucaipa(고),54944,0.293,112,439,386,63,113,18,0,36,239,97,1,0,0,14,31,1,8,118,10,0.619,0.346,2,100.0,30,0.965,0.237,0.0
55005,25.0,오서진,KT,내야수,2006-02-22,188.0,80.0,수원신곡초-수원북중-유신고,55005,0.0,3,0,0,0,0,0,0,0,0,0,0,0,0,0,0,0,0,0,0,0.0,0.0,1,0.0,0,0.0,0.0,0.0
55013,3.0,스티븐슨,KT,외야수,1994-06-01,,,,55013,0.262,39,168,149,26,39,12,0,3,60,14,2,0,1,0,14,0,4,43,2,0.403,0.341,2,100.0,12,0.744,0.258,0.0
55164,64.0,박관우,LG,외야수,2006-03-22,174.0,82.0,욱수초(경산시리틀)-경운중-경북고,55164,0.264,39,58,53,12,14,2,0,2,22,13,0,0,0,1,3,0,1,11,1,0.415,0.31,1,0.0,0,0.725,0.294,0.368
55208,8.0,케이브,두산,외야수,1992-12-04,183.0,90.0,미국 Kecoughtan(고),55208,0.299,136,593,538,72,161,28,6,16,249,87,17,1,0,8,43,1,4,116,7,0.463,0.351,2,94.4,52,0.814,0.31,0.0
55216,97.0,김성재,두산,포수,2006-05-16,182.0,98.0,온곡초(남양주야놀유소년)-청원중-선린인터넷고,55216,0.0,1,1,1,0,0,0,0,0,0,0,0,0,0,0,0,0,0,0,0,0.0,0.0,0,0.0,0,0.0,0.0,0.0
55224,24.0,이선우,두산,내야수,2006-04-04,182.0,80.0,일산신일초(일산서구리틀)-충암중-충암고,55224,0.182,10,11,11,0,2,1,0,0,3,0,0,0,0,0,0,0,0,2,0,0.273,0.182,1,0.0,0,0.455,0.0,0.333
55226,94.0,김준상,두산,내야수,2004-08-02,184.0,75.0,부천상일초(부천원미리틀)-모가중-유신고-동의과학대,55226,0.2,9,17,15,1,3,1,0,0,4,0,0,0,1,0,0,0,1,8,0,0.267,0.25,0,0.0,1,0.517,0.0,0.0
55252,52.0,박준순,두산,내야수,2006-07-13,180.0,80.0,배봉초(동대문구리틀)-청량중-덕수고,55252,0.284,91,298,282,34,80,11,2,4,107,19,10,2,2,3,10,1,1,56,6,0.379,0.307,24,83.3,19,0.686,0.246,0.0
55326,,스톤,키움,외야수,1995-11-22,185.0,103.0,미국 George Ranch(고)-키움,55326,0.241,22,93,87,4,21,0,0,2,27,15,0,0,0,1,5,0,0,24,2,0.31,0.28,1,0.0,6,0.59,0.286,1.0
55339,39.0,염승원,키움,내야수,2006-03-20,180.0,78.0,고명초-휘문중-휘문고,55339,0.211,11,21,19,2,4,0,0,0,4,1,0,0,0,1,1,0,0,6,0,0.211,0.238,0,0.0,0,0.449,0.0,0.0
55370,70.0,양현종,키움,내야수,2006-08-15,177.0,84.0,대구옥산초-협성경복중-대구고,55370,0.083,12,14,12,1,1,0,0,0,1,0,0,0,0,0,2,0,0,5,0,0.083,0.214,1,0.0,0,0.297,0.0,0.0
55371,71.0,권혁빈,키움,내야수,2005-11-04,185.0,75.0,칠성초-경상중-대구고,55371,0.1,22,24,20,1,2,0,0,0,2,1,0,0,2,0,2,0,0,7,1,0.1,0.182,0,0.0,0,0.282,0.0,0.0
55392,92.0,어준서,키움,내야수,2006-11-27,183.0,87.0,수유초-자양중-경기고,55392,0.238,116,360,324,48,77,9,1,6,106,27,1,0,3,1,30,1,2,75,10,0.327,0.305,29,100.0,20,0.632,0.222,0.182
55393,93.0,여동욱,키움,내야수,2005-11-10,180.0,90.0,남도초-협성경복중-대구상원고,55393,0.132,28,61,53,6,7,1,0,2,14,2,0,0,1,0,7,0,0,21,2,0.264,0.233,4,0.0,0,0.497,0.0,0.286
55397,97.0,전태현,키움,내야수,2006-03-02,180.0,82.0,양덕초-마산동중-용마고,55397,0.231,77,207,182,20,42,5,0,0,47,10,4,0,3,2,20,0,0,59,2,0.258,0.304,4,100.0,8,0.562,0.282,0.267
55435,35.0,차승준,삼성,내야수,2006-11-20,181.0,88.0,무학초-창원신월중-용마고,55435,0.0,1,1,1,0,0,0,0,0,0,0,0,0,0,0,0,0,0,0,0,0.0,0.0,0,0.0,0,0.0,0.0,0.0
55438,38.0,심재훈,삼성,내야수,2006-03-03,180.0,80.0,삼일초-평촌중-유신고,55438,0.184,31,43,38,8,7,0,0,0,7,2,3,1,1,0,4,0,0,13,0,0.184,0.262,0,75.0,2,0.446,0.222,0.0
55440,40.0,함수호,삼성,외야수,2006-03-10,181.0,88.0,구미인동초(구미시리틀)-협성경복중-대구상원고,55440,0.214,6,14,14,1,3,0,0,0,3,1,0,0,0,0,0,0,0,6,0,0.214,0.214,0,0.0,1,0.428,0.25,0.0
55506,35.0,한승현,롯데,외야수,2006-10-29,183.0,80.0,신양초(강동구리틀)-건대부중-장충고,55506,0.059,19,19,17,1,1,0,0,0,1,1,1,1,0,1,1,0,0,6,0,0.059,0.105,0,50.0,0,0.164,0.0,0.0
55509,48.0,박건우,롯데,포수,2003-02-01,183.0,92.0,성동초-건대부중-장충고-고려대,55509,0.667,6,3,3,1,2,0,0,0,2,1,0,0,0,0,0,0,0,1,0,0.667,0.667,0,0.0,0,1.334,1.0,0.0
55511,69.0,이태경,롯데,내야수,2002-11-24,176.0,77.0,광주송정동초-무등중-광주제일고-한일장신대,55511,0.0,2,1,1,0,0,0,0,0,0,0,0,0,0,0,0,0,0,1,0,0.0,0.0,0,0.0,0,0.0,0.0,0.0
55530,60.0,박찬형,롯데,내야수,2002-10-17,175.0,78.0,중대초-언북중-배재고,55530,0.341,48,148,129,21,44,8,2,3,65,19,1,1,0,1,11,1,7,26,1,0.504,0.419,6,50.0,10,0.923,0.364,0.625
55563,63.0,박재엽,롯데,포수,2006-01-23,184.0,92.0,부산대연초-개성중-부산고,55563,0.286,9,16,14,2,4,1,0,1,8,3,0,0,0,0,2,0,0,5,0,0.571,0.375,1,0.0,1,0.946,0.2,0.0
55636,36.0,박재현,KIA,외야수,2006-12-08,180.0,73.0,동막초-재능중-인천고,55636,0.081,58,69,62,11,5,1,0,0,6,3,4,3,0,1,6,0,0,26,0,0.097,0.159,3,57.1,0,0.256,0.059,0.143
55637,67.0,박헌,KIA,외야수,2006-01-05,185.0,90.0,광주수창초-충장중-광주제일고,55637,0.083,8,14,12,0,1,0,0,0,1,0,0,0,0,0,1,0,1,3,0,0.083,0.214,0,0.0,0,0.297,0.0,0.0
55645,45.0,위즈덤,KIA,내야수,1991-08-27,188.0,99.0,미국 Saint Mary's(대),55645,0.236,119,486,424,73,100,20,1,35,227,85,3,0,0,6,52,2,4,142,9,0.535,0.321,13,100.0,25,0.856,0.207,0.2
55703,0.0,리베라토,한화,외야수,1995-12-18,185.0,79.0,Esperanza Milena Martinez (고),55703,0.313,62,273,246,41,77,18,2,10,129,39,1,0,0,4,23,0,0,47,3,0.524,0.366,3,100.0,22,0.89,0.339,0.0
55710,57.0,이민재,한화,외야수,2004-03-07,184.0,80.0,호동초(안산리틀)-안산중-비봉고-동원과학기술대,55710,0.0,3,4,4,0,0,0,0,0,0,0,0,0,0,0,0,0,0,1,1,0.0,0.0,0,0.0,0,0.0,0.0,0.0
55712,60.0,이승현,한화,내야수,2002-07-23,172.0,77.0,부천상인초(원미구리틀)-부천중-포항제철고-성균관대,55712,1.0,4,1,1,1,1,0,1,0,3,1,0,0,0,0,0,0,0,0,0,3.0,1.0,0,0.0,0,4.0,1.0,1.0
55734,,플로리얼,한화,외야수,1997-11-25,185.0,88.0,도미니카-한화,55734,0.271,65,285,258,36,70,18,2,8,116,29,13,3,0,2,24,2,1,65,2,0.45,0.333,5,81.3,21,0.783,0.222,0.0
55832,32.0,이율예,SSG,포수,2006-11-21,183.0,90.0,중리초(함안리틀)-원동중-강릉고,55832,0.231,8,13,13,3,3,0,0,3,12,7,0,0,0,0,0,0,0,6,0,0.923,0.231,2,0.0,0,1.154,0.25,0.0
55844,,맥브룸,SSG,외야수,1992-04-09,190.0,99.0,미국 West Virginia(대)-SSG,55844,0.203,22,80,74,8,15,3,0,4,30,11,0,0,0,0,5,2,1,28,2,0.405,0.263,0,0.0,4,0.668,0.261,0.0
55897,97.0,홍대인,SSG,내야수,2001-11-23,174.0,76.0,서원초-세광중-세광고-사이버한국외대(얼리 드래프트),55897,0.2,14,5,5,3,1,0,0,0,1,0,1,1,0,0,0,0,0,2,0,0.2,0.2,1,50.0,0,0.4,0.0,0.0
55926,12.0,정현창,KIA,내야수,2006-07-14,177.0,70.0,김해부곡초-부산토현중-부산공고-NC,55926,0.263,16,21,19,4,5,0,0,0,5,0,0,1,0,0,2,0,0,5,0,0.263,0.333,0,0.0,0,0.596,0.0,0.25
60523,9.0,정훈,롯데,내야수,1987-07-18,180.0,85.0,양덕초-마산동중-용마고,60523,0.216,77,200,185,14,40,11,0,2,57,11,0,0,2,0,10,1,3,40,4,0.308,0.268,2,0.0,7,0.576,0.14,0.083
60558,37.0,오태곤,SSG,외야수,1991-11-18,186.0,88.0,쌍문초-신월중-청원고-롯데-경찰-롯데-KT-SK,60558,0.201,122,229,194,31,39,6,0,5,60,26,25,8,3,1,30,0,1,59,4,0.309,0.31,2,75.8,9,0.619,0.196,0.242
61102,27.0,유강남,롯데,포수,1992-07-15,182.0,88.0,청원초-휘문중-서울고-LG-상무-LG,61102,0.274,110,350,303,35,83,18,0,5,116,38,0,0,3,5,26,0,13,66,11,0.383,0.352,2,0.0,18,0.735,0.204,0.417
61353,57.0,고종욱,KIA,외야수,1989-01-11,184.0,83.0,역삼초-대치중-경기고-한양대-히어로즈-상무-히어로즈-SK-SSG,61353,0.296,46,123,115,13,34,2,0,3,45,16,2,1,0,3,5,1,0,17,2,0.391,0.317,0,66.7,7,0.708,0.321,0.438
61404,32.0,김헌곤,삼성,외야수,1988-11-09,174.0,81.0,회원초-경복중-제주관광고-영남대-삼성-상무,61404,0.225,77,191,173,21,39,6,0,2,51,11,2,1,2,1,11,0,4,29,4,0.295,0.286,0,66.7,6,0.581,0.114,0.333
62234,16.0,류지혁,삼성,내야수,1994-01-13,181.0,75.0,청원초-선린중-충암고-두산-상무-두산-KIA,62234,0.28,129,464,400,54,112,14,0,1,129,37,11,6,14,4,33,0,13,73,11,0.323,0.351,5,64.7,29,0.674,0.247,0.2
62244,10.0,박세혁,NC,포수,1990-01-09,181.0,86.0,수유초-신일중-신일고-고려대-두산-상무-두산,62244,0.163,48,93,86,8,14,3,0,2,23,10,1,0,0,1,5,0,1,28,4,0.267,0.215,3,100.0,3,0.482,0.219,0.091
62332,32.0,김재현,키움,포수,1993-03-18,178.0,90.0,진북초-전라중-대전고-히어로즈-상무,62332,0.208,62,128,120,12,25,5,0,0,30,5,1,0,4,0,1,0,3,31,1,0.25,0.234,4,100.0,5,0.484,0.132,0.0
62404,5.0,구자욱,삼성,외야수,1993-02-12,189.0,75.0,본리초-경복중-대구고-삼성-상무,62404,0.319,142,616,529,106,169,43,2,19,273,96,4,1,1,8,73,7,5,91,9,0.516,0.402,3,80.0,46,0.918,0.351,0.333
62415,17.0,박해민,LG,외야수,1990-02-24,180.0,75.0,영중초-양천중-신일고-한양대-삼성,62415,0.276,144,544,442,80,122,18,2,3,153,43,49,14,22,4,68,0,8,94,7,0.346,0.379,1,77.8,29,0.725,0.231,0.0
62558,47.0,김준태,LG,포수,1994-07-31,175.0,91.0,양정초-개성중-경남고-(영남사이버대)-롯데-상무-롯데-KT,62558,1.0,2,2,1,1,1,0,0,0,1,0,0,0,0,0,1,0,0,0,0,1.0,1.0,0,0.0,0,2.0,0.0,1.0
62700,16.0,하주석,한화,내야수,1994-02-25,185.0,92.0,강남초-덕수중-신일고-한화-상무,62700,0.297,95,305,276,34,82,14,0,4,108,28,2,1,11,1,12,0,5,66,10,0.391,0.337,2,66.7,24,0.728,0.329,0.091
62802,53.0,박승욱,롯데,내야수,1992-12-04,184.0,83.0,칠성초-경복중-대구상원고-SK-KT,62802,0.19,54,92,84,10,16,3,0,0,19,5,1,1,2,0,5,0,1,30,0,0.226,0.244,2,50.0,2,0.47,0.2,0.0
62884,14.0,최항,롯데,내야수,1994-01-03,183.0,88.0,대일초-매송중-유신고-SK-SSG,62884,0.167,8,7,6,1,1,0,0,0,1,1,0,0,0,0,1,0,0,4,0,0.167,0.286,1,0.0,0,0.453,0.25,0.0
62895,35.0,한유섬,SSG,외야수,1989-08-09,190.0,105.0,중앙초(해운대리틀)-대천중-경남고-경성대-SK-상무-SK,62895,0.273,128,511,455,50,124,24,0,15,193,71,1,0,1,2,46,3,7,120,6,0.424,0.347,2,100.0,36,0.771,0.291,0.333
62907,2.0,박민우,NC,내야수,1993-02-06,185.0,80.0,마포초(용산구리틀)-선린중-휘문고,62907,0.302,117,468,404,64,122,25,8,3,172,67,28,8,4,4,44,5,12,64,5,0.426,0.384,10,77.8,37,0.81,0.432,0.167
62925,,강진성,키움,내야수,1993-10-19,176.0,89.0,가동초-잠신중-경기고-NC-경찰-NC-두산-SSG-키움,62925,0.182,6,13,11,1,2,0,0,0,2,1,0,0,0,0,2,0,0,1,2,0.182,0.308,0,0.0,1,0.49,0.2,0.0
62931,52.0,노진혁,롯데,내야수,1989-07-15,184.0,80.0,광주대성초-광주동성중-광주동성고-성균관대-NC-상무-NC,62931,0.27,28,69,63,11,17,1,2,1,25,5,0,0,0,0,5,0,1,20,0,0.397,0.333,2,0.0,2,0.73,0.188,0.267
62934,47.0,김성욱,SSG,외야수,1993-05-01,181.0,83.0,광주서림초-충장중-진흥고-NC-상무-NC,62934,0.195,56,132,123,10,24,6,0,2,36,13,1,2,1,0,7,0,1,35,2,0.293,0.244,0,33.3,5,0.537,0.189,0.0
62947,47.0,나성범,KIA,외야수,1989-10-03,183.0,100.0,광주대성초-진흥중-진흥고-연세대-NC,62947,0.268,82,310,261,30,70,16,0,10,116,36,0,0,0,1,42,1,6,79,6,0.444,0.381,0,0.0,16,0.825,0.257,0.4
63123,23.0,강승호,두산,내야수,1994-02-09,178.0,88.0,순천북초-천안북중-북일고-LG-경찰-LG-SK,63123,0.236,115,400,360,51,85,19,3,8,134,37,14,3,2,3,24,2,11,113,7,0.372,0.302,9,82.4,19,0.674,0.224,0.333
63202,22.0,장승현,두산,포수,1994-03-07,184.0,86.0,인천서림초-동산중-제물포고-두산-경찰,63202,0.0,4,2,2,0,0,0,0,0,0,0,0,0,0,0,0,0,0,0,1,0.0,0.0,0,0.0,0,0.0,0.0,0.0
63257,33.0,김인태,두산,외야수,1994-07-03,178.0,78.0,포항제철서초-천안북중-북일고-두산-경찰,63257,0.213,106,225,183,17,39,10,1,3,60,25,0,1,0,1,36,0,5,57,2,0.328,0.356,1,0.0,4,0.684,0.25,0.341
63260,55.0,이우성,NC,외야수,1994-07-17,182.0,95.0,대전유천초-한밭중-대전고-두산-상무-두산-NC-KIA,63260,0.25,105,337,300,28,75,22,1,3,108,33,2,1,1,3,31,0,2,66,8,0.36,0.321,3,66.7,19,0.681,0.213,0.385
63722,26.0,한승택,KIA,포수,1994-06-21,174.0,83.0,잠전초(남양주리틀)-잠신중-덕수고-한화-경찰,63722,0.238,15,23,21,3,5,1,0,0,6,0,0,0,0,0,1,0,1,7,1,0.286,0.304,0,0.0,1,0.59,0.125,0.333
63963,36.0,권희동,NC,외야수,1990-12-30,177.0,85.0,동천초-경주중-경주고-경남대-NC-상무,63963,0.246,136,456,358,56,88,24,0,6,130,39,5,5,8,2,77,0,11,80,10,0.363,0.393,1,50.0,21,0.756,0.247,0.077
64004,53.0,김민혁,KT,외야수,1995-11-21,181.0,71.0,광주서석초-배재중-배재고-KT-상무,64004,0.287,106,417,380,52,109,12,2,0,125,35,11,3,4,1,25,1,7,41,12,0.329,0.341,2,78.6,29,0.67,0.262,0.286
64006,2.0,심우준,한화,내야수,1995-04-28,183.0,75.0,송정동초-언북중-경기고-(영남사이버대)-KT-상무-KT,64006,0.231,94,275,247,39,57,9,1,2,74,22,11,1,7,1,17,0,3,49,4,0.3,0.287,7,91.7,9,0.587,0.25,0.0
64007,24.0,문상철,KT,내야수,1991-04-06,184.0,85.0,중대초-잠신중-배명고-고려대-KT-상무,64007,0.214,79,209,173,22,37,6,1,5,60,20,1,1,3,3,25,0,5,44,3,0.347,0.325,0,50.0,6,0.672,0.178,0.25
64012,28.0,송민섭,KT,외야수,1991-08-02,177.0,80.0,청파초(안산리틀)-선린중-선린인터넷고-단국대-KT-상무,64012,0.0,3,0,0,0,0,0,0,0,0,0,0,0,0,0,0,0,0,0,0,0.0,0.0,0,0.0,0,0.0,0.0,0.0
64022,1.0,안중열,NC,포수,1995-09-01,176.0,87.0,가야초-개성중-부산고-(영남사이버대)-KT-롯데-상무-롯데,64022,0.143,33,60,49,2,7,3,0,0,10,6,0,0,1,0,8,0,2,15,0,0.204,0.288,2,0.0,0,0.492,0.182,0.0
64101,33.0,한석현,NC,외야수,1994-05-17,181.0,73.0,후암초-대천중-경남고-LG,64101,0.195,61,138,113,18,22,5,0,3,36,21,1,1,4,2,12,0,7,27,1,0.319,0.306,1,50.0,6,0.625,0.267,0.167
64115,56.0,장준원,KT,내야수,1995-11-21,183.0,77.0,경운초(김해시리틀)-개성중-경남고-LG,64115,0.207,73,154,140,10,29,3,0,1,35,11,0,0,5,1,8,0,0,27,5,0.25,0.248,3,0.0,6,0.498,0.182,0.0
64153,53.0,양석환,두산,내야수,1991-07-15,185.0,90.0,백운초-신일중-신일고-동국대-LG-상무-LG,64153,0.248,72,294,262,32,65,16,0,8,105,31,1,0,0,3,24,1,5,82,6,0.401,0.32,4,100.0,17,0.721,0.222,0.0
64166,27.0,배정대,KT,외야수,1995-06-12,185.0,80.0,도신초-성남중-성남고-(디지털문예대)-LG-KT-경찰,64166,0.204,99,276,240,25,49,11,2,2,70,28,6,3,7,3,19,0,7,65,4,0.292,0.279,1,66.7,11,0.571,0.281,0.143
64340,29.0,임지열,키움,외야수,1995-08-22,180.0,94.0,대전신흥초-건대부중-덕수고-히어로즈-경찰,64340,0.244,102,417,369,51,90,14,2,11,141,50,13,6,1,3,42,0,2,111,11,0.382,0.322,4,68.4,19,0.704,0.31,0.6
64346,6.0,임병욱,키움,외야수,1995-09-30,187.0,94.0,수원신곡초-배명중-덕수고-히어로즈-키움-상무,64346,0.233,52,140,133,12,31,4,3,2,47,13,1,0,1,1,5,0,0,33,3,0.353,0.259,1,100.0,6,0.612,0.29,0.222
64468,14.0,박계범,두산,내야수,1996-01-11,177.0,84.0,순천북초-순천이수중-효천고-삼성-상무-삼성,64468,0.263,94,198,175,23,46,9,2,1,62,27,3,1,7,1,14,0,1,45,4,0.354,0.319,9,75.0,9,0.673,0.345,0.3
64504,4.0,오윤석,KT,내야수,1992-02-24,180.0,87.0,화중초-자양중-경기고-연세대-롯데-상무-롯데,64504,0.256,77,184,156,30,40,8,1,0,50,19,0,0,8,1,12,0,7,41,4,0.321,0.335,1,0.0,8,0.656,0.302,0.3
64560,8.0,이창진,KIA,외야수,1991-03-04,173.0,85.0,신도초-동인천중-인천고-건국대-롯데-KT-상무-KT,64560,0.161,37,113,93,11,15,3,0,1,21,9,0,2,1,1,16,0,2,22,2,0.226,0.295,1,0.0,2,0.521,0.143,0.5
64646,1.0,박찬호,KIA,내야수,1995-06-05,178.0,72.0,신답초-건대부중-장충고,64646,0.287,134,595,516,75,148,18,2,5,185,42,27,6,8,6,62,0,3,69,7,0.359,0.363,16,81.8,37,0.722,0.294,0.0
64984,1.0,김태진,키움,내야수,1995-10-07,169.0,73.0,수유초-신일중-신일고-NC-경찰-NC-KIA,64984,0.233,94,304,279,27,65,11,2,5,95,25,1,1,2,3,20,1,0,53,6,0.341,0.281,9,50.0,15,0.622,0.156,0.214
65040,25.0,김태훈,삼성,외야수,1996-03-31,177.0,78.0,진흥초(안산리틀)-평촌중-유신고-KT,65040,0.237,51,98,93,4,22,1,0,2,29,8,1,0,2,0,3,0,0,24,0,0.312,0.26,2,100.0,2,0.572,0.15,0.24
65132,2.0,김재성,삼성,포수,1996-10-30,185.0,85.0,신광초-성남중-덕수고-LG-경찰-LG,65132,0.127,43,73,63,3,8,2,0,0,10,4,0,0,1,1,6,0,2,23,0,0.159,0.222,0,0.0,1,0.381,0.133,0.0
65207,4.0,신민재,LG,내야수,1996-01-21,171.0,67.0,서흥초-동인천중-인천고,65207,0.313,135,538,463,87,145,15,7,1,177,61,15,9,6,4,62,0,3,57,7,0.382,0.395,12,62.5,37,0.777,0.407,0.5
65269,10.0,김민혁,두산,내야수,1996-05-03,188.0,100.0,광주대성초-광주동성중-광주동성고,65269,0.118,10,21,17,2,2,0,0,1,5,1,0,0,0,0,4,0,0,6,0,0.294,0.286,0,0.0,0,0.58,0.0,0.0
65357,24.0,송성문,키움,내야수,1996-08-29,183.0,88.0,봉천초(용산구리틀)-홍은중-장충고-히어로즈-키움-상무,65357,0.315,144,646,574,103,181,37,4,26,304,90,25,2,0,3,68,5,1,96,6,0.53,0.387,14,92.6,53,0.917,0.372,0.333
65464,23.0,최정용,KIA,내야수,1996-10-24,179.0,84.0,서원초-세광중-세광고-삼성-SK-상무,65464,0.167,4,6,6,0,1,0,0,0,1,0,0,0,0,0,0,0,0,2,1,0.167,0.167,0,0.0,0,0.334,0.0,0.0
65586,34.0,전병우,삼성,내야수,1992-10-24,182.0,93.0,동삼초-경남중-개성고-동아대-롯데-키움,65586,0.273,59,97,77,11,21,2,0,1,26,13,1,0,0,0,19,0,1,27,3,0.338,0.423,1,100.0,2,0.761,0.381,0.412
65610,52.0,황대인,KIA,내야수,1996-02-10,178.0,100.0,군산신풍초-자양중-경기고-KIA-상무,65610,0.189,18,57,53,3,10,3,0,1,16,8,0,0,0,1,3,0,0,14,0,0.302,0.228,2,0.0,3,0.53,0.25,0.0
65653,27.0,김호령,KIA,외야수,1992-04-30,178.0,85.0,관산초-안산중앙중-군산상고-동국대-KIA-경찰,65653,0.283,105,381,332,46,94,26,3,6,144,39,12,1,8,1,34,0,6,94,4,0.434,0.359,6,92.3,26,0.793,0.27,0.0
65703,7.0,이도윤,한화,내야수,1996-10-07,175.0,79.0,고명초-배재중-북일고,65703,0.26,113,277,250,37,65,11,3,1,85,36,1,0,10,3,11,1,3,52,5,0.34,0.296,4,100.0,13,0.636,0.25,0.4
65898,10.0,김웅빈,키움,내야수,1996-02-09,182.0,97.0,서라벌초-울산제일중-울산공고-히어로즈-상무,65898,0.083,10,31,24,1,2,0,0,0,2,0,0,0,1,0,6,0,0,7,2,0.083,0.267,0,0.0,0,0.35,0.0,0.0
65905,62.0,최승민,LG,외야수,1996-07-01,181.0,73.0,서울학동초-대치중-신일고-상무-NC,65905,0.0,19,6,5,6,0,0,0,0,0,0,1,2,0,0,1,0,0,2,0,0.0,0.167,1,33.3,0,0.167,0.0,0.0
66108,51.0,홍창기,LG,외야수,1993-11-21,189.0,94.0,대일초-매송중-안산공고-건국대-LG-경찰,66108,0.287,51,215,174,32,50,4,0,1,57,16,3,0,2,4,29,0,6,40,4,0.328,0.399,0,100.0,11,0.727,0.146,0.667
66112,45.0,김기연,두산,포수,1997-09-07,178.0,106.0,광주수창초-진흥중-진흥고-LG,66112,0.247,100,245,219,19,54,9,0,2,69,24,1,0,4,2,19,0,1,44,8,0.315,0.307,4,100.0,12,0.622,0.228,0.278
66162,5.0,김주성,LG,내야수,1998-01-30,180.0,81.0,수원신곡초-덕수중-휘문고,66162,0.2,16,17,15,3,3,0,0,1,6,1,0,2,0,0,1,0,1,2,0,0.4,0.294,1,0.0,0,0.694,0.0,0.25
66209,51.0,조수행,두산,외야수,1993-08-30,178.0,73.0,노암초-경포중-강릉고-건국대-두산-상무,66209,0.244,108,140,119,30,29,4,0,0,33,9,30,7,7,0,14,0,0,29,1,0.277,0.323,1,81.1,6,0.6,0.167,0.5
66233,34.0,홍성호,두산,외야수,1997-07-15,187.0,98.0,인헌초-선린중-선린인터넷고,66233,0.346,9,27,26,3,9,1,0,2,16,3,0,0,0,0,1,1,0,8,0,0.615,0.37,1,0.0,3,0.985,0.25,0.333
66354,22.0,주효상,KIA,포수,1997-11-11,183.0,95.0,역북초-강남중-서울고-히어로즈-키움,66354,0.333,8,17,15,1,5,2,0,0,7,1,0,0,0,0,2,0,0,4,0,0.467,0.412,1,0.0,1,0.879,0.667,0.0
66406,14.0,안주형,삼성,내야수,1993-08-14,176.0,68.0,부산중앙초-부산중-부경고-영남대,66406,0.235,8,18,17,3,4,0,0,1,7,2,0,1,0,0,1,0,0,5,1,0.412,0.278,2,0.0,0,0.69,0.0,0.0
66409,13.0,이성규,삼성,외야수,1993-08-03,178.0,82.0,광주대성초-광주동성중-광주동성고-인하대-삼성-경찰,66409,0.198,68,154,126,17,25,5,1,6,50,21,2,2,1,2,15,0,10,52,3,0.397,0.327,2,50.0,3,0.724,0.256,0.154
66606,31.0,최원준,NC,외야수,1997-03-23,178.0,85.0,연현초-서울경원중-서울고-KIA-상무-KIA,66606,0.242,126,449,413,62,100,13,3,6,137,44,26,8,2,5,23,0,6,71,5,0.332,0.289,3,76.5,24,0.621,0.224,0.2
66614,14.0,김규성,KIA,내야수,1997-03-08,185.0,88.0,갈산초-선린중-선린인터넷고,66614,0.233,133,222,193,30,45,4,0,3,58,16,5,2,5,1,21,0,2,49,1,0.301,0.313,10,71.4,9,0.614,0.204,0.714
66657,10.0,이진영,한화,외야수,1997-07-21,183.0,89.0,둔촌초-선린중-선린인터넷고-KIA-경찰-KIA,66657,0.274,115,366,321,49,88,13,0,11,134,43,1,4,0,5,38,0,2,93,8,0.417,0.35,2,20.0,19,0.767,0.239,0.25
66662,25.0,신범수,SSG,포수,1998-01-25,177.0,83.0,광주대성초-광주동성중-광주동성고-KIA,66662,0.182,29,39,33,1,6,1,0,1,10,3,0,0,0,0,5,0,1,7,0,0.303,0.308,0,0.0,0,0.611,0.143,0.4
66704,25.0,김태연,한화,외야수,1997-06-10,178.0,96.0,서울청구초-덕수중-야탑고,66704,0.261,120,340,303,40,79,15,0,3,103,20,5,3,6,0,23,0,8,62,10,0.34,0.329,5,62.5,19,0.669,0.197,0.067
66706,51.0,장진혁,KT,외야수,1993-09-30,184.0,90.0,광주화정초-충장중-광주제일고-단국대-한화,66706,0.209,86,157,139,19,29,3,1,4,46,19,1,0,4,1,13,0,0,46,1,0.331,0.275,1,100.0,5,0.606,0.184,0.167
66715,37.0,김인환,한화,내야수,1994-01-28,186.0,100.0,화순초-화순중-화순고-성균관대,66715,0.08,10,26,25,2,2,0,0,1,5,3,0,0,0,0,1,0,0,9,1,0.2,0.115,2,0.0,0,0.315,0.167,0.0
66838,38.0,김동엽,키움,외야수,1990-07-24,186.0,101.0,천안남산초-천안북중-북일고-SK-삼성,66838,0.222,9,29,27,2,6,2,0,0,8,2,0,0,0,0,2,0,0,11,1,0.296,0.276,0,0.0,2,0.572,0.5,0.0
66864,10.0,안상현,SSG,내야수,1997-01-27,178.0,74.0,사파초-선린중-용마고-SK-상무,66864,0.264,102,289,258,38,68,8,2,6,98,15,17,6,9,2,18,0,2,85,2,0.38,0.314,9,73.9,19,0.694,0.2,0.0
66917,5.0,김찬형,SSG,내야수,1997-12-29,182.0,83.0,양정초-경남중-경남고-NC-SSG-상무,66917,0.178,44,78,73,4,13,2,0,0,15,5,0,0,1,0,3,0,1,13,3,0.205,0.221,4,0.0,3,0.426,0.25,0.0
66928,16.0,박준영,두산,내야수,1997-08-05,180.0,90.0,서울도곡초(남양주리틀)-잠신중-경기고-NC,66928,0.225,41,126,111,9,25,8,0,1,36,10,3,0,1,1,10,0,3,32,1,0.324,0.304,8,100.0,6,0.628,0.179,0.0
66965,16.0,도태훈,NC,내야수,1993-03-18,184.0,85.0,양정초-개성중-부산고-동의대-NC-상무,66965,0.182,61,98,77,9,14,4,1,1,23,8,3,0,6,0,7,0,8,16,2,0.299,0.315,3,100.0,2,0.614,0.2,0.0
67005,63.0,홍현빈,삼성,외야수,1997-08-29,174.0,70.0,수원신곡초-매송중-유신고-KT-상무,67005,0.125,32,38,32,8,4,2,0,0,6,0,0,0,2,0,3,0,1,8,0,0.188,0.222,1,0.0,0,0.41,0.167,0.143
67006,8.0,안치영,KT,외야수,1998-05-29,176.0,72.0,중동초(원미구리틀)-천안북중-북일고,67006,0.227,47,56,44,9,10,1,0,1,14,6,0,2,4,1,4,0,3,13,1,0.318,0.327,0,0.0,1,0.645,0.308,0.0
67025,,로하스,KT,외야수,1990-05-24,189.0,102.0,미국 Wabash Valley(대)-KT,67025,0.239,95,384,331,48,79,20,0,14,141,43,1,1,0,4,48,3,1,71,9,0.426,0.333,4,50.0,18,0.759,0.227,0.167
67207,13.0,이유찬,두산,내야수,1998-08-05,175.0,68.0,동막초-천안북중-북일고-두산-상무,67207,0.242,89,311,269,36,65,8,1,1,78,16,12,2,6,1,33,0,2,66,4,0.29,0.328,8,85.7,11,0.618,0.194,0.0
67449,39.0,김성윤,삼성,외야수,1999-02-02,163.0,62.0,창신초(부산진구리틀)-원동중-포항제철고,67449,0.331,127,538,456,92,151,29,9,6,216,61,26,7,10,2,65,0,5,54,11,0.474,0.419,2,78.8,45,0.893,0.402,0.4
67504,16.0,김민수,LG,내야수,1998-03-18,184.0,97.0,서화초-동산중-제물포고-롯데-경찰-롯데,67504,0.182,13,13,11,0,2,0,0,0,2,1,1,0,0,1,1,0,0,6,0,0.182,0.231,0,100.0,0,0.413,0.0,0.0
67609,15.0,박정우,KIA,외야수,1998-02-01,175.0,68.0,역삼초-언북중-덕수고,67609,0.274,53,75,62,17,17,2,0,0,19,4,2,1,0,0,10,0,3,12,1,0.306,0.4,0,66.7,2,0.706,0.267,0.0
67610,35.0,김석환,KIA,외야수,1999-02-28,187.0,97.0,광주서석초-광주동성중-광주동성고,67610,0.265,47,134,117,14,31,1,2,2,42,16,0,0,0,1,14,0,2,55,0,0.359,0.351,0,0.0,7,0.71,0.345,0.625
67644,33.0,이정훈,KT,외야수,1994-12-07,185.0,90.0,교문초-배재중-휘문고-경희대-KIA-상무-KIA-롯데,67644,0.258,59,148,132,20,34,4,0,4,50,14,0,1,0,0,13,0,3,48,4,0.379,0.338,1,0.0,6,0.717,0.258,0.286
67807,31.0,이정범,SSG,외야수,1998-04-10,178.0,88.0,인천숭의초-동인천중-인천고,67807,0.0,3,3,3,0,0,0,0,0,0,0,0,0,0,0,0,0,0,2,0,0.0,0.0,0,0.0,0,0.0,0.0,0.0
67893,2.0,박성한,SSG,내야수,1998-03-30,180.0,77.0,순천북초-여수중-효천고-SK-상무-SK,67893,0.274,127,538,452,73,124,23,2,7,172,48,5,6,2,2,79,1,3,93,6,0.381,0.384,20,45.5,31,0.765,0.275,0.5
67900,4.0,김수윤,SSG,내야수,1998-07-16,180.0,83.0,김해삼성초-개성중-부산고-NC,67900,0.091,7,12,11,0,1,0,0,0,1,0,0,0,0,0,0,0,1,4,0,0.091,0.167,2,0.0,0,0.258,0.0,0.0
67905,23.0,천재환,NC,외야수,1994-04-01,181.0,83.0,대전신흥초-공주중-화순고-고려대,67905,0.238,129,294,261,47,62,10,3,6,96,31,15,5,6,5,17,0,5,58,3,0.368,0.292,2,75.0,12,0.66,0.242,0.2
68050,50.0,강백호,KT,포수,1999-07-29,184.0,98.0,부천북초-서울이수중-서울고,68050,0.265,95,369,321,41,85,18,1,15,150,61,2,4,0,1,44,3,3,64,9,0.467,0.358,1,33.3,21,0.825,0.3,0.5
68089,42.0,조대현,KT,포수,1999-08-06,183.0,81.0,길동초-매송중-유신고,68089,0.187,64,90,75,7,14,4,0,0,18,11,0,0,6,0,7,0,2,22,0,0.24,0.274,7,0.0,1,0.514,0.348,0.5
68110,14.0,송찬의,LG,외야수,1999-02-20,182.0,80.0,화곡초-선린중-선린인터넷고,68110,0.211,66,166,147,18,31,9,1,3,51,20,2,2,1,1,9,0,8,49,4,0.347,0.291,1,50.0,7,0.638,0.237,0.273
68119,8.0,문성주,LG,외야수,1997-02-20,175.0,78.0,포항서초-포항제철중-경북고-강릉영동대,68119,0.305,135,542,475,57,145,20,2,3,178,70,4,3,0,9,54,0,4,59,10,0.375,0.375,1,57.1,43,0.75,0.321,0.167
68205,13.0,전민재,롯데,내야수,1999-06-30,181.0,73.0,천안남산초-천안북중-대전고-두산,68205,0.287,101,369,331,39,95,15,0,5,125,34,3,3,10,2,22,0,4,63,7,0.378,0.337,16,50.0,27,0.715,0.253,0.0
68305,9.0,변상권,키움,외야수,1997-04-04,180.0,80.0,인천서림초-상인천중-제물포고-인천재능대-히어로즈-키움-상무,68305,0.263,12,20,19,2,5,2,0,0,7,4,0,0,0,1,0,0,0,2,0,0.368,0.25,0,0.0,0,0.618,0.333,0.167
68362,36.0,추재현,두산,외야수,1999-02-22,178.0,85.0,경수초(성동구리틀)-건대부중-신일고-히어로즈-키움-롯데-상무-롯데,68362,0.222,34,87,81,7,18,3,1,1,26,7,0,0,2,0,3,0,1,17,2,0.321,0.259,0,0.0,3,0.58,0.111,0.286
68463,31.0,윤정빈,삼성,외야수,1999-06-24,182.0,93.0,신도초-부천중-부천고-삼성-상무,68463,0.175,25,46,40,3,7,1,0,0,8,3,0,0,0,2,4,0,0,18,1,0.2,0.239,0,0.0,2,0.439,0.286,0.167
68504,34.0,이호연,KT,내야수,1995-06-03,177.0,87.0,광주수창초-진흥중-광주제일고-성균관대-롯데,68504,0.343,32,75,70,8,24,7,0,1,34,8,0,0,1,0,3,0,1,14,2,0.486,0.378,1,0.0,5,0.864,0.3,0.389
68507,7.0,장두성,롯데,외야수,1999-09-16,176.0,75.0,축현초-재능중-동산고,68507,0.262,118,284,248,51,65,3,3,0,74,25,17,5,7,2,24,0,3,64,3,0.298,0.332,3,77.3,19,0.63,0.269,0.0
68518,42.0,정보근,롯데,포수,1999-08-31,175.0,89.0,부산수영초-경남중-경남고,68518,0.186,93,152,129,4,24,4,1,1,33,15,0,0,4,0,18,1,1,39,4,0.256,0.291,2,0.0,3,0.547,0.293,0.0
68646,55.0,한준수,KIA,포수,1999-02-13,184.0,95.0,광주서석초-광주동성중-광주동성고,68646,0.225,103,276,244,33,55,12,1,7,90,26,0,0,0,3,26,1,3,48,4,0.369,0.304,3,0.0,11,0.673,0.197,0.261
68700,50.0,이원석,한화,외야수,1999-03-31,177.0,80.0,화곡초-충암중-충암고,68700,0.203,129,248,212,60,43,7,0,4,62,24,22,3,7,2,23,0,4,51,4,0.292,0.29,1,88.0,11,0.582,0.149,0.5
68805,,최상민,SSG,외야수,1999-08-20,178.0,75.0,석교초-청주중-북일고-SSG,68805,0.143,23,9,7,5,1,0,0,0,1,1,1,1,0,0,1,0,1,5,0,0.143,0.333,0,50.0,0,0.476,0.0,0.0
68868,7.0,최준우,SSG,내야수,1999-03-25,176.0,78.0,방배초-대치중-장충고-SK-상무,68868,0.191,78,192,152,17,29,0,0,3,38,22,2,0,3,4,30,0,3,47,3,0.25,0.328,1,100.0,5,0.578,0.262,0.148
68904,34.0,오영수,NC,내야수,2000-01-30,178.0,93.0,사파초-창원신월중-용마고-NC-상무,68904,0.232,67,179,155,14,36,5,0,3,50,23,3,2,0,0,22,0,2,47,0,0.323,0.335,1,60.0,9,0.658,0.262,0.273
68912,25.0,김형준,NC,포수,1999-11-02,187.0,98.0,가동초-세광중-세광고-NC-상무,68912,0.232,127,415,362,51,84,10,1,18,150,55,3,0,3,2,45,0,3,126,7,0.414,0.32,4,100.0,18,0.734,0.29,0.25
69056,2.0,박민석,KT,내야수,2000-04-13,180.0,77.0,성동초-덕수중-장충고,69056,0.263,19,21,19,5,5,1,1,0,8,1,0,1,0,0,2,0,0,4,0,0.421,0.333,2,0.0,1,0.754,0.0,0.0
69064,5.0,강민성,KT,내야수,1999-12-08,180.0,85.0,대구옥산초-경상중-경북고,69064,0.033,25,36,30,0,1,0,0,0,1,1,0,0,0,1,5,0,0,15,1,0.033,0.167,0,0.0,0,0.2,0.0,0.0
69100,6.0,구본혁,LG,내야수,1997-01-11,177.0,75.0,중대초-잠신중-장충고-동국대-LG-상무,69100,0.286,131,397,343,41,98,16,2,1,121,38,10,5,12,0,36,1,6,44,4,0.353,0.364,6,66.7,26,0.717,0.299,0.333
69102,2.0,문보경,LG,내야수,2000-07-19,182.0,88.0,송중초(동대문구리틀)-덕수중-신일고,69102,0.276,141,607,515,91,142,21,1,24,237,108,3,1,0,9,79,3,4,108,15,0.46,0.371,16,75.0,38,0.831,0.274,0.333
69203,8.0,송승환,NC,외야수,2000-10-28,183.0,93.0,신기초(금천구리틀)-양천중-서울고-두산,69203,0.2,13,15,15,0,3,1,0,0,4,2,0,0,0,0,0,0,0,6,0,0.267,0.2,0,0.0,0,0.467,0.667,0.286
69207,64.0,김태근,삼성,외야수,1996-08-10,175.0,74.0,광진초(광진구리틀)-건대부중-배명고-건국대-두산-상무,69207,0.333,11,14,12,2,4,0,0,0,4,0,0,0,0,0,2,0,0,4,0,0.333,0.429,0,0.0,0,0.762,0.0,0.5
69238,27.0,김대한,두산,외야수,2000-12-06,185.0,83.0,숭인초(강북구리틀)-덕수중-휘문고,69238,0.194,16,37,36,1,7,0,0,1,10,5,0,1,0,0,1,0,0,6,0,0.278,0.216,1,0.0,2,0.494,0.167,0.0
69332,25.0,주성원,키움,외야수,2000-08-30,182.0,95.0,부산대연초(남구리틀)-부산신정중-개성고,69332,0.25,58,174,156,21,39,6,0,1,48,12,4,0,0,1,13,0,4,45,2,0.308,0.322,2,100.0,10,0.63,0.212,0.3
69403,53.0,양우현,삼성,내야수,2000-04-13,175.0,82.0,남정초-충암중-충암고,69403,0.188,14,16,16,3,3,1,0,0,4,4,0,0,0,0,0,0,0,2,0,0.25,0.188,1,0.0,0,0.438,0.286,0.0
69416,56.0,이해승,삼성,내야수,2000-08-01,180.0,86.0,인천서림초-신흥중-인천고-삼성-상무,69416,0.2,8,5,5,2,1,0,0,0,1,1,0,0,0,0,0,0,0,2,0,0.2,0.2,2,0.0,0,0.4,0.5,0.0
69418,66.0,박승규,삼성,외야수,2000-09-02,178.0,80.0,일산초-덕수중-경기고-삼성-상무,69418,0.287,64,200,174,39,50,5,0,6,73,14,5,4,1,0,21,0,4,43,2,0.42,0.377,1,55.6,12,0.797,0.2,0.143
69428,23.0,이병헌,삼성,포수,1999-10-26,180.0,87.0,인천숭의초-인천신흥중-제물포고,69428,0.2,55,59,55,5,11,3,0,1,17,7,0,0,0,0,3,0,1,13,1,0.309,0.254,2,0.0,3,0.563,0.273,0.0
69442,24.0,김도환,삼성,포수,2000-04-14,178.0,90.0,언북초(의정부리틀)-영동중-신일고-삼성-상무,69442,0.286,6,14,14,3,4,1,0,0,5,1,0,0,0,0,0,0,0,4,0,0.357,0.286,0,0.0,1,0.643,1.0,0.0
69508,3.0,신윤후,롯데,내야수,1996-01-05,177.0,77.0,무학초-마산중-마산고-동의대,69508,0.167,12,13,12,1,2,0,0,0,2,0,1,0,1,0,0,0,0,3,0,0.167,0.167,0,100.0,0,0.334,0.0,0.0
69517,2.0,고승민,롯데,내야수,2000-08-11,189.0,92.0,군산신풍초-천안북중-북일고,69517,0.271,121,538,469,71,127,21,2,4,164,45,5,1,6,4,56,1,3,83,8,0.35,0.35,6,83.3,36,0.7,0.241,0.0
69636,56.0,오선우,KIA,내야수,1996-12-13,186.0,95.0,성동초-자양중-배명고-인하대,69636,0.265,124,474,437,58,116,17,1,18,189,56,0,2,0,0,34,2,3,158,11,0.432,0.323,11,0.0,32,0.755,0.239,0.143
69727,29.0,변우혁,KIA,내야수,2000-03-18,185.0,100.0,일산초-현도중-북일고-한화-상무-한화,69727,0.218,47,153,142,11,31,7,0,0,38,17,0,0,0,0,10,0,1,47,3,0.268,0.275,4,0.0,9,0.543,0.311,0.2
69737,8.0,노시환,한화,내야수,2000-12-03,185.0,105.0,부산수영초-경남중-경남고,69737,0.26,144,624,539,97,140,28,2,32,268,101,14,5,0,4,70,10,11,125,22,0.497,0.354,17,73.7,37,0.851,0.29,0.0
69766,33.0,유로결,한화,외야수,2000-05-30,186.0,83.0,광주서림초-광주동성중-광주제일고,69766,0.154,20,16,13,1,2,0,0,0,2,0,1,0,2,0,0,0,1,4,0,0.154,0.214,0,100.0,0,0.368,0.0,0.0
69804,15.0,채현우,SSG,외야수,1995-11-21,182.0,80.0,칠성초-경복중-대구상원고-송원대-SK,69804,0.188,41,52,48,8,9,1,1,1,15,9,2,0,0,1,3,0,0,13,1,0.313,0.231,1,100.0,2,0.544,0.231,0.0
69813,13.0,하재훈,SSG,외야수,1990-10-29,182.0,90.0,양덕초-마산동중-용마고-SK,69813,0.143,18,61,56,6,8,0,0,3,17,8,1,2,0,1,4,0,0,21,1,0.304,0.197,1,33.3,1,0.501,0.167,0.0
69825,64.0,김창평,SSG,외야수,2000-06-14,185.0,85.0,학강초-무등중-광주제일고-SK,69825,0.0,4,0,0,1,0,0,0,0,0,0,0,0,0,0,0,0,0,0,0,0.0,0.0,0,0.0,0,0.0,0.0,0.0
69980,66.0,김범준,NC,외야수,2000-04-20,183.0,90.0,울산대현초-제일중-대구고,69980,0.0,1,1,1,0,0,0,0,0,0,0,0,0,0,0,0,0,0,1,0,0.0,0.0,0,0.0,0,0.0,0.0,0.0
69992,14.0,최정원,NC,내야수,2000-06-24,176.0,70.0,서원초-청주중-청주고-NC-상무,69992,0.275,91,155,120,40,33,3,0,0,36,11,30,6,4,1,18,0,12,22,0,0.3,0.417,1,83.3,9,0.717,0.194,0.25
69995,5.0,서호철,NC,내야수,1996-10-16,179.0,85.0,순천남산초-순천이수중-효천고-동의대-NC-상무,69995,0.266,103,292,263,25,70,7,1,3,88,30,7,3,10,4,8,0,7,51,7,0.335,0.301,8,70.0,16,0.636,0.247,0.143
71837,,김강민,SSG,외야수,1982-09-13,182.0,87.0,본리초-대구중-경북고-SK-SSG-한화,71837,0.0,1,0,0,0,0,0,0,0,0,0,0,0,0,0,0,0,0,0,0,0.0,0.0,0,0.0,0,0.0,0.0,0.0
72443,34.0,최형우,KIA,외야수,1983-12-16,180.0,106.0,진북초-전주동중-전주고-삼성-경찰-삼성,72443,0.307,133,549,469,74,144,30,1,24,248,86,1,0,0,5,67,8,8,98,9,0.529,0.399,0,100.0,38,0.928,0.294,0.6
74206,,김재호,두산,내야수,1985-03-21,181.0,75.0,남정초-중앙중-중앙고-두산-상무-두산,74206,0.0,1,0,0,0,0,0,0,0,0,0,0,0,0,0,0,0,0,0,0,0.0,0.0,0,0.0,0,0.0,0.0,0.0
74540,47.0,강민호,삼성,포수,1985-08-18,185.0,100.0,제주신광초-포철중-포철공고-(국제디지털대)-롯데,74540,0.269,127,465,412,37,111,23,1,12,172,71,2,2,1,7,38,4,7,69,16,0.417,0.336,2,50.0,26,0.753,0.333,0.3
75125,52.0,박병호,삼성,내야수,1986-07-10,185.0,107.0,영일초(광명리틀)-영남중-성남고-상무-LG-히어로즈-미네소타-넥센-키움-KT,75125,0.199,77,232,196,26,39,5,0,15,89,33,0,0,0,2,27,0,7,70,5,0.454,0.315,2,0.0,9,0.769,0.208,0.063
75566,17.0,이원석,키움,내야수,1986-10-21,181.0,82.0,학강초-광주동성중-광주동성고-(세민디지털대)-롯데-두산-상무-두산-삼성,75566,0.143,5,8,7,1,1,0,0,0,1,0,0,0,0,0,1,0,0,2,1,0.143,0.25,0,0.0,0,0.393,0.0,0.0
75847,14.0,최정,SSG,내야수,1987-02-28,180.0,90.0,대일초-평촌중-유신고-SK,75847,0.244,95,406,340,54,83,12,0,23,164,63,1,0,0,3,51,6,12,94,10,0.482,0.36,4,100.0,22,0.842,0.247,0.0
76232,25.0,양의지,두산,포수,1987-06-05,180.0,95.0,송정동초-무등중-진흥고-두산-경찰-두산-NC,76232,0.337,130,517,454,56,153,27,1,20,242,89,4,2,0,6,50,6,7,63,10,0.533,0.406,5,66.7,44,0.939,0.375,0.5
76267,53.0,최주환,키움,내야수,1988-02-28,177.0,73.0,학강초-광주동성중-광주동성고-두산-상무-두산-SK-SSG,76267,0.275,120,506,459,45,126,31,1,12,195,74,0,0,0,6,36,2,5,66,8,0.425,0.33,6,0.0,33,0.755,0.291,0.5
76290,22.0,김현수,LG,외야수,1988-01-12,188.0,105.0,쌍문초-신일중-신일고-두산-볼티모어-필라델피아,76290,0.298,140,552,483,66,144,24,0,12,204,90,4,0,0,1,64,1,4,73,10,0.422,0.384,4,100.0,36,0.806,0.362,0.4
76313,10.0,황재균,KT,내야수,1987-07-28,183.0,96.0,사당초-서울이수중-경기고-현대-히어로즈-롯데-샌프란시스코,76313,0.275,112,424,385,50,106,19,0,7,146,48,3,1,1,2,34,1,2,84,2,0.379,0.336,5,75.0,31,0.715,0.403,0.111
76802,6.0,김성현,SSG,내야수,1987-03-09,172.0,72.0,송정동초-충장중-광주제일고-SK-상무-SK,76802,0.217,59,137,115,15,25,3,0,1,31,11,1,1,4,1,16,0,1,20,4,0.27,0.316,5,50.0,2,0.586,0.226,0.375
76812,20.0,이재원,한화,포수,1988-02-24,185.0,98.0,인천숭의초-상인천중-인천고-SK-상무-SK-SSG,76812,0.2,98,151,125,4,25,2,1,1,32,12,1,1,8,3,14,0,1,23,3,0.256,0.28,6,50.0,3,0.536,0.162,0.0
77532,31.0,손아섭,한화,외야수,1988-03-18,174.0,84.0,양정초-개성중-부산고-롯데-NC,77532,0.288,111,416,372,39,107,22,3,1,138,50,0,4,4,2,37,2,1,59,3,0.371,0.352,0,0.0,24,0.723,0.31,0.222
77564,16.0,김민성,롯데,내야수,1988-12-17,181.0,94.0,고명초-잠신중-덕수정보고-(영남사이버대)-롯데-히어로즈-키움-LG,77564,0.243,96,254,214,25,52,13,0,3,74,35,0,1,2,1,33,1,4,48,7,0.346,0.353,6,0.0,12,0.699,0.233,0.235
78122,42.0,김태군,KIA,포수,1989-12-30,182.0,92.0,양정초-대동중-부산고-LG-NC-경찰-NC-삼성,78122,0.258,100,274,236,20,61,10,1,5,88,31,0,0,8,3,17,1,10,20,9,0.373,0.331,7,0.0,16,0.704,0.278,0.0
78135,36.0,이형종,키움,외야수,1989-06-07,183.0,87.0,화곡초-양천중-서울고-LG,78135,0.2,33,82,70,4,14,3,0,2,23,6,1,0,2,0,9,0,1,22,3,0.329,0.3,0,100.0,1,0.629,0.2,0.222
78168,58.0,서건창,KIA,내야수,1989-08-22,176.0,84.0,송정동초-충장중-광주제일고-LG-히어로즈-키움-LG,78168,0.136,10,26,22,1,3,1,0,1,7,2,1,0,2,0,2,0,0,5,1,0.318,0.208,0,100.0,0,0.526,0.0,0.333
78224,32.0,김재환,두산,외야수,1988-09-22,183.0,90.0,영랑초-상인천중-인천고-두산-상무,78224,0.241,103,407,344,42,83,13,2,13,139,50,7,2,0,2,57,3,4,96,4,0.404,0.354,0,77.8,19,0.758,0.253,0.0
78288,13.0,최재훈,한화,포수,1989-08-27,178.0,94.0,화곡초-덕수중-덕수고-(방송통신대)-두산-경찰-두산,78288,0.286,121,348,269,28,77,15,0,1,95,35,1,1,10,6,46,0,17,48,4,0.353,0.414,5,50.0,16,0.767,0.355,0.0
78513,8.0,전준우,롯데,외야수,1986-02-25,184.0,98.0,흥무초-경주중-경주고-건국대-롯데-경찰,78513,0.293,114,472,410,50,120,26,1,8,172,70,2,1,3,6,44,2,9,71,9,0.42,0.369,0,66.7,29,0.789,0.359,0.25
78548,22.0,장성우,KT,포수,1990-01-17,187.0,100.0,감천초-경남중-경남고-롯데-경찰-롯데,78548,0.247,129,480,413,44,102,13,0,14,157,58,0,1,2,8,55,1,2,96,13,0.38,0.333,5,0.0,25,0.713,0.191,0.25
78603,3.0,김선빈,KIA,내야수,1989-12-18,165.0,77.0,화순초-화순중-화순고-KIA-상무,78603,0.321,84,308,271,31,87,18,1,3,116,46,4,0,2,1,31,0,3,35,9,0.428,0.395,9,100.0,25,0.823,0.352,0.333
78756,60.0,오선진,키움,내야수,1989-07-07,178.0,80.0,화곡초-성남중-성남고-한화-상무-한화-삼성-한화-롯데,78756,0.238,99,163,143,15,34,8,0,1,45,19,0,0,4,1,12,0,3,45,2,0.315,0.308,4,0.0,8,0.623,0.313,0.0
79109,10.0,오지환,LG,내야수,1990-03-12,185.0,80.0,군산초-자양중-경기고,79109,0.253,127,472,419,57,106,24,1,16,180,62,9,7,7,6,37,0,3,115,4,0.43,0.314,9,56.3,27,0.744,0.283,0.333
79192,22.0,채은성,한화,내야수,1990-02-06,186.0,92.0,순천북초-순천이수중-효천고-LG,79192,0.288,132,527,480,54,138,27,1,19,224,88,1,2,3,0,31,5,13,96,4,0.467,0.347,6,33.3,39,0.814,0.333,0.0
79215,37.0,박건우,NC,외야수,1990-09-08,184.0,80.0,역삼초-서울이수중-서울고-두산-경찰-두산,79215,0.289,124,442,384,43,111,24,1,9,164,67,6,4,1,5,47,2,5,63,6,0.427,0.37,2,60.0,30,0.797,0.306,0.4
79231,31.0,정수빈,두산,외야수,1990-10-07,175.0,70.0,수원신곡초-수원북중-유신고-두산-경찰,79231,0.258,132,546,462,89,119,16,4,6,161,38,26,13,8,4,61,2,11,57,7,0.348,0.355,3,66.7,27,0.703,0.212,1.0
79240,13.0,허경민,KT,내야수,1990-08-26,176.0,69.0,송정동초-충장중-광주제일고-두산-경찰-두산,79240,0.283,114,481,420,47,119,18,0,4,149,44,4,1,3,4,39,1,15,35,14,0.355,0.362,10,80.0,33,0.717,0.29,0.0
79365,27.0,박동원,LG,포수,1990-04-07,178.0,92.0,양정초-개성중-개성고-히어로즈-상무-히어로즈-키움-KIA,79365,0.253,139,523,451,57,114,25,0,22,205,76,4,0,3,5,62,4,2,124,10,0.455,0.342,8,100.0,27,0.797,0.235,0.143
79402,7.0,김상수,KT,내야수,1990-03-23,175.0,68.0,대구옥산초-경복중-경북고-삼성,79402,0.254,113,423,355,42,90,14,0,5,119,47,3,1,5,7,52,1,4,57,8,0.335,0.349,8,75.0,20,0.684,0.287,0.25
79456,59.0,이지영,SSG,포수,1986-02-27,177.0,88.0,서화초-인천신흥중-제물포고-경성대-삼성-상무-삼성-키움,79456,0.239,76,216,197,13,47,6,1,3,64,18,2,1,4,2,11,0,2,22,8,0.325,0.283,3,66.7,14,0.608,0.177,0.0
79608,3.0,안치홍,한화,내야수,1990-07-02,178.0,97.0,구지초(구리리틀)-대치중-서울고-KIA-경찰-KIA-롯데,79608,0.172,66,196,174,9,30,4,0,2,40,18,3,0,4,1,16,2,1,39,4,0.23,0.245,1,100.0,5,0.475,0.238,0.2
